"Subgenus","Pigment","label"
"C. purpurata","a.Tocopherol","paste(italic(""P""),"" = 0.686"")"
"Cuscuta","a.Tocopherol","paste(italic(""P""),"" = 0.452"")"
"Grammica","a.Tocopherol","paste(italic(""P""),"" = 4.06e-06"")"
"Ipomoea nil","a.Tocopherol","paste(italic(""P""),"" = 0.001"")"
"C. purpurata","cis.B.carotene","paste(italic(""P""),"" = 0.005"")"
"Cuscuta","cis.B.carotene","paste(italic(""P""),"" = 0.884"")"
"Grammica","cis.B.carotene","paste(italic(""P""),"" = 0.000262"")"
"Ipomoea nil","cis.B.carotene","paste(italic(""P""),"" = 0.000713"")"
"Monogynella","cis.B.carotene","paste(italic(""P""),"" = 0.034"")"
"C. purpurata","Chl.b","paste(italic(""P""),"" = 0.167"")"
"Cuscuta","Chl.b","paste(italic(""P""),"" = 0.017"")"
"Grammica","Chl.b","paste(italic(""P""),"" = 5.83e-20"")"
"Ipomoea nil","Chl.b","paste(italic(""P""),"" = 0.000357"")"
"Monogynella","Chl.b","paste(italic(""P""),"" = 0.00039"")"
"C. purpurata","Chl.a","paste(italic(""P""),"" = 0.009"")"
"Cuscuta","Chl.a","paste(italic(""P""),"" = 0.007"")"
"Grammica","Chl.a","paste(italic(""P""),"" = 7.98e-10"")"
"Ipomoea nil","Chl.a","paste(italic(""P""),"" = 0.00039"")"
"Monogynella","Chl.a","paste(italic(""P""),"" = 0.000357"")"
"C. purpurata","Tot.Chl","paste(italic(""P""),"" = 0.009"")"
"Cuscuta","Tot.Chl","paste(italic(""P""),"" = 0.007"")"
"Grammica","Tot.Chl","paste(italic(""P""),"" = 4e-18"")"
"Ipomoea nil","Tot.Chl","paste(italic(""P""),"" = 0.000357"")"
"Monogynella","Tot.Chl","paste(italic(""P""),"" = 0.000357"")"
"Cuscuta","Chl.a.b","paste(italic(""P""),"" = 0.007"")"
"Grammica","Chl.a.b","paste(italic(""P""),"" = 1.34e-08"")"
"Ipomoea nil","Chl.a.b","paste(italic(""P""),"" = 0.00031"")"
"Monogynella","Chl.a.b","paste(italic(""P""),"" = 0.000539"")"
"C. purpurata","Tot.Car","paste(italic(""P""),"" = 0.117"")"
"Cuscuta","Tot.Car","paste(italic(""P""),"" = 0.006"")"
"Grammica","Tot.Car","paste(italic(""P""),"" = 1.23e-19"")"
"Ipomoea nil","Tot.Car","paste(italic(""P""),"" = 0.000357"")"
"Monogynella","Tot.Car","paste(italic(""P""),"" = 0.003"")"
"C. purpurata","VAZ.Chl","paste(italic(""P""),"" = 0.517"")"
"Cuscuta","VAZ.Chl","paste(italic(""P""),"" = 0.074"")"
"Grammica","VAZ.Chl","paste(italic(""P""),"" = 1.1e-10"")"
"Ipomoea nil","VAZ.Chl","paste(italic(""P""),"" = 0.00039"")"
"Monogynella","VAZ.Chl","paste(italic(""P""),"" = 0.167"")"
"C. purpurata","VAZ.Car","paste(italic(""P""),"" = 0.003"")"
"Cuscuta","VAZ.Car","paste(italic(""P""),"" = 0.009"")"
"Grammica","VAZ.Car","paste(italic(""P""),"" = 6.27e-14"")"
"Ipomoea nil","VAZ.Car","paste(italic(""P""),"" = 0.000442"")"
"Monogynella","VAZ.Car","paste(italic(""P""),"" = 0.000314"")"
"C. purpurata","NVZ.Car","paste(italic(""P""),"" = 0.003"")"
"Cuscuta","NVZ.Car","paste(italic(""P""),"" = 0.008"")"
"Grammica","NVZ.Car","paste(italic(""P""),"" = 7.26e-12"")"
"Ipomoea nil","NVZ.Car","paste(italic(""P""),"" = 0.000357"")"
"Monogynella","NVZ.Car","paste(italic(""P""),"" = 4.66e-05"")"
"C. purpurata","Lut.Car","paste(italic(""P""),"" = 0.013"")"
"Cuscuta","Lut.Car","paste(italic(""P""),"" = 0.006"")"
"Grammica","Lut.Car","paste(italic(""P""),"" = 4.2e-22"")"
"Ipomoea nil","Lut.Car","paste(italic(""P""),"" = 0.000773"")"
"Monogynella","Lut.Car","paste(italic(""P""),"" = 0.000773"")"
"C. purpurata","Lut.epo.Car","paste(italic(""P""),"" = 0.54"")"
"Cuscuta","Lut.epo.Car","paste(italic(""P""),"" = 0.034"")"
"Grammica","Lut.epo.Car","paste(italic(""P""),"" = 2.09e-09"")"
"Ipomoea nil","Lut.epo.Car","paste(italic(""P""),"" = 0.081"")"
"Monogynella","Lut.epo.Car","paste(italic(""P""),"" = 0.094"")"
"C. purpurata","a.Car.Car","paste(italic(""P""),"" = 0.016"")"
"Cuscuta","a.Car.Car","paste(italic(""P""),"" = 0.03"")"
"Grammica","a.Car.Car","paste(italic(""P""),"" = 0.017"")"
"Ipomoea nil","a.Car.Car","paste(italic(""P""),"" = 0.000254"")"
"Monogynella","a.Car.Car","paste(italic(""P""),"" = 0.023"")"
"C. purpurata","b.Car.Car","paste(italic(""P""),"" = 0.008"")"
"Cuscuta","b.Car.Car","paste(italic(""P""),"" = 0.008"")"
"Grammica","b.Car.Car","paste(italic(""P""),"" = 5.83e-20"")"
"Ipomoea nil","b.Car.Car","paste(italic(""P""),"" = 0.000409"")"
"Monogynella","b.Car.Car","paste(italic(""P""),"" = 0.000105"")"
"Grammica","Neo.Car","paste(italic(""P""),"" = 7.19e-10"")"
"Ipomoea nil","Neo.Car","paste(italic(""P""),"" = 0.018"")"
"Monogynella","Neo.Car","paste(italic(""P""),"" = 3.12e-05"")"
"C. purpurata","DEPS","paste(italic(""P""),"" = 0.632"")"
"Cuscuta","DEPS","paste(italic(""P""),"" = 0.26"")"
"Grammica","DEPS","paste(italic(""P""),"" = 1.38e-05"")"
"Ipomoea nil","DEPS","paste(italic(""P""),"" = 0.03"")"
"Monogynella","DEPS","paste(italic(""P""),"" = 0.517"")"
