"Species","Pigment",".y.","n","statistic","df","p","method","p.adj","p.adj.signif"
"C_australis","a.Tocopherol","FW.norm",7,4.78260869565217,2,0.0915,"Kruskal-Wallis",0.128576146788991," "
"C_polygonorum","a.Tocopherol","FW.norm",21,5.85918367346939,5,0.32,"Kruskal-Wallis",0.344788732394366," "
"C_sandwichiana","a.Tocopherol","FW.norm",18,5.64598540145986,4,0.227,"Kruskal-Wallis",0.261135338345865," "
"C_californica","a.Tocopherol","FW.norm",28,5.47642403189516,3,0.14,"Kruskal-Wallis",0.17136," "
"C_compacta","a.Tocopherol","FW.norm",17,11.5694408877507,3,0.00901,"Kruskal-Wallis",0.0229755,"*"
"C_cephalanthii","a.Tocopherol","FW.norm",32,20.0959722404085,4,0.000478,"Kruskal-Wallis",0.00270866666666667,"**"
"C_denticulata","a.Tocopherol","FW.norm",18,2.33795309168444,3,0.505,"Kruskal-Wallis",0.518557046979866," "
"C_tasmanica","a.Tocopherol","FW.norm",31,18.4835128573786,3,0.00035,"Kruskal-Wallis",0.00237482608695652,"**"
"C_costaricensis","a.Tocopherol","FW.norm",19,6.71447368421053,2,0.0348,"Kruskal-Wallis",0.05916,"."
"C_indecora","a.Tocopherol","FW.norm",13,5.48898071625345,3,0.139,"Kruskal-Wallis",0.17136," "
"C_australis","cis.B.carotene","FW.norm",7,5.35714285714286,2,0.0687,"Kruskal-Wallis",0.102049514563107," "
"C_polygonorum","cis.B.carotene","FW.norm",21,11.1038961038961,5,0.0494,"Kruskal-Wallis",0.0804063829787234,"."
"C_sandwichiana","cis.B.carotene","FW.norm",18,6.28421052631578,4,0.179,"Kruskal-Wallis",0.207477272727273," "
"C_californica","cis.B.carotene","FW.norm",28,12.4566033309875,3,0.00597,"Kruskal-Wallis",0.01791,"*"
"C_compacta","cis.B.carotene","FW.norm",17,14.7058823529412,3,0.00209,"Kruskal-Wallis",0.00743651162790698,"**"
"C_cephalanthii","cis.B.carotene","FW.norm",32,13.0737012987013,4,0.0109,"Kruskal-Wallis",0.0264714285714286,"*"
"C_denticulata","cis.B.carotene","FW.norm",18,6.97669172932331,3,0.0726,"Kruskal-Wallis",0.105788571428571," "
"C_tasmanica","cis.B.carotene","FW.norm",31,10.794470046083,3,0.0129,"Kruskal-Wallis",0.0281957142857143,"*"
"C_costaricensis","cis.B.carotene","FW.norm",19,4.48,2,0.106,"Kruskal-Wallis",0.139810344827586," "
"C_indecora","cis.B.carotene","FW.norm",13,6.45054945054945,3,0.0916,"Kruskal-Wallis",0.128576146788991," "
"C_australis","Chl.b","FW.norm",7,0.178571428571427,2,0.915,"Kruskal-Wallis",0.915," "
"C_polygonorum","Chl.b","FW.norm",21,10.5541125541125,5,0.061,"Kruskal-Wallis",0.093789,"."
"C_sandwichiana","Chl.b","FW.norm",18,12.7087719298246,4,0.0128,"Kruskal-Wallis",0.0281957142857143,"*"
"C_californica","Chl.b","FW.norm",28,16.4731409805301,3,0.000907,"Kruskal-Wallis",0.0040815,"**"
"C_compacta","Chl.b","FW.norm",17,10.6320261437909,3,0.0139,"Kruskal-Wallis",0.0295375,"*"
"C_cephalanthii","Chl.b","FW.norm",32,24.7481331168831,4,5.65e-05,"Kruskal-Wallis",0.00067524,"***"
"C_denticulata","Chl.b","FW.norm",18,10.4077694235589,3,0.0154,"Kruskal-Wallis",0.031824,"*"
"C_tasmanica","Chl.b","FW.norm",31,22.1298858399665,3,6.13e-05,"Kruskal-Wallis",0.00067524,"***"
"C_costaricensis","Chl.b","FW.norm",19,14.3273684210526,2,0.000774,"Kruskal-Wallis",0.0037006875,"**"
"C_indecora","Chl.b","FW.norm",13,10.8296703296703,3,0.0127,"Kruskal-Wallis",0.0281957142857143,"*"
"C_australis","Chl.a","FW.norm",7,1.46428571428572,2,0.481,"Kruskal-Wallis",0.500632653061225," "
"C_polygonorum","Chl.a","FW.norm",21,8.66320346320347,5,0.123,"Kruskal-Wallis",0.159483050847458," "
"C_sandwichiana","Chl.a","FW.norm",18,8.66666666666667,4,0.07,"Kruskal-Wallis",0.102980769230769," "
"C_californica","Chl.a","FW.norm",28,5.05090311986865,3,0.168,"Kruskal-Wallis",0.196213740458015," "
"C_compacta","Chl.a","FW.norm",17,8.42026143790849,3,0.0381,"Kruskal-Wallis",0.0633619565217391,"."
"C_cephalanthii","Chl.a","FW.norm",32,24.4461850649351,4,6.5e-05,"Kruskal-Wallis",0.00067524,"***"
"C_denticulata","Chl.a","FW.norm",18,5.11578947368421,3,0.164,"Kruskal-Wallis",0.193015384615385," "
"C_tasmanica","Chl.a","FW.norm",31,19.2300416317553,3,0.000245,"Kruskal-Wallis",0.00187425,"**"
"C_costaricensis","Chl.a","FW.norm",19,13.2463157894737,2,0.00133,"Kruskal-Wallis",0.00511243902439024,"**"
"C_indecora","Chl.a","FW.norm",13,10.8296703296703,3,0.0127,"Kruskal-Wallis",0.0281957142857143,"*"
"C_australis","Tot.Chl","FW.norm",7,0.714285714285715,2,0.7,"Kruskal-Wallis",0.709271523178808," "
"C_polygonorum","Tot.Chl","FW.norm",21,7.88051948051948,5,0.163,"Kruskal-Wallis",0.193015384615385," "
"C_sandwichiana","Tot.Chl","FW.norm",18,9.40526315789474,4,0.0517,"Kruskal-Wallis",0.082396875,"."
"C_californica","Tot.Chl","FW.norm",28,10.2750410509031,3,0.0164,"Kruskal-Wallis",0.0330157894736842,"*"
"C_compacta","Tot.Chl","FW.norm",17,10.1712418300654,3,0.0172,"Kruskal-Wallis",0.0341766233766234,"*"
"C_cephalanthii","Tot.Chl","FW.norm",32,24.4050324675325,4,6.62e-05,"Kruskal-Wallis",0.00067524,"***"
"C_denticulata","Tot.Chl","FW.norm",18,7.35764411027569,3,0.0613,"Kruskal-Wallis",0.093789,"."
"C_tasmanica","Tot.Chl","FW.norm",31,18.9535400083787,3,0.00028,"Kruskal-Wallis",0.00204,"**"
"C_costaricensis","Tot.Chl","FW.norm",19,13.2115789473684,2,0.00135,"Kruskal-Wallis",0.00511243902439024,"**"
"C_indecora","Tot.Chl","FW.norm",13,10.8296703296703,3,0.0127,"Kruskal-Wallis",0.0281957142857143,"*"
"C_australis","Chl.a.b","FW.norm",7,0.607142857142858,2,0.738,"Kruskal-Wallis",0.742855263157895," "
"C_polygonorum","Chl.a.b","FW.norm",21,6.19999999999999,5,0.287,"Kruskal-Wallis",0.31365," "
"C_sandwichiana","Chl.a.b","FW.norm",18,6.92982456140351,4,0.14,"Kruskal-Wallis",0.17136," "
"C_californica","Chl.a.b","FW.norm",28,2.85151301900072,3,0.415,"Kruskal-Wallis",0.434897260273973," "
"C_compacta","Chl.a.b","FW.norm",17,3.65555555555555,3,0.301,"Kruskal-Wallis",0.326617021276596," "
"C_cephalanthii","Chl.a.b","FW.norm",32,26.1124188311688,4,3e-05,"Kruskal-Wallis",0.0006273,"***"
"C_denticulata","Chl.a.b","FW.norm",18,5.77443609022556,3,0.123,"Kruskal-Wallis",0.159483050847458," "
"C_tasmanica","Chl.a.b","FW.norm",30,19.8927188940092,3,0.000179,"Kruskal-Wallis",0.0015215,"**"
"C_costaricensis","Chl.a.b","FW.norm",19,13.4842105263158,2,0.00118,"Kruskal-Wallis",0.00487945945945946,"**"
"C_indecora","Chl.a.b","FW.norm",13,11.1758241758242,3,0.0108,"Kruskal-Wallis",0.0264714285714286,"*"
"C_australis","Tot.Car","FW.norm",7,4.71428571428572,2,0.0947,"Kruskal-Wallis",0.131719090909091," "
"C_polygonorum","Tot.Car","FW.norm",21,12.6852813852814,5,0.0265,"Kruskal-Wallis",0.0475011627906977,"*"
"C_sandwichiana","Tot.Car","FW.norm",18,14.1964912280702,4,0.00669,"Kruskal-Wallis",0.0186103636363636,"*"
"C_californica","Tot.Car","FW.norm",28,12.0337790288529,3,0.00727,"Kruskal-Wallis",0.0194943103448276,"*"
"C_compacta","Tot.Car","FW.norm",17,12.5751633986928,3,0.00565,"Kruskal-Wallis",0.0173196,"*"
"C_cephalanthii","Tot.Car","FW.norm",32,24.5286525974026,4,6.26e-05,"Kruskal-Wallis",0.00067524,"***"
"C_denticulata","Tot.Car","FW.norm",18,12.5714285714286,3,0.00566,"Kruskal-Wallis",0.0173196,"*"
"C_tasmanica","Tot.Car","FW.norm",31,15.6032834101382,3,0.00137,"Kruskal-Wallis",0.00511243902439024,"**"
"C_costaricensis","Tot.Car","FW.norm",19,9.84631578947369,2,0.00728,"Kruskal-Wallis",0.0194943103448276,"*"
"C_indecora","Tot.Car","FW.norm",13,3.13736263736264,3,0.371,"Kruskal-Wallis",0.3941875," "
"C_australis","VAZ.Chl","FW.norm",7,3.75,2,0.153,"Kruskal-Wallis",0.184322834645669," "
"C_polygonorum","VAZ.Chl","FW.norm",21,10.5748917748918,5,0.0605,"Kruskal-Wallis",0.093789,"."
"C_sandwichiana","VAZ.Chl","FW.norm",18,13.1929824561404,4,0.0104,"Kruskal-Wallis",0.0260852459016393,"*"
"C_californica","VAZ.Chl","FW.norm",28,7.5333098756744,3,0.0567,"Kruskal-Wallis",0.0894340206185567,"."
"C_compacta","VAZ.Chl","FW.norm",17,11.0928104575164,3,0.0112,"Kruskal-Wallis",0.026775,"*"
"C_cephalanthii","VAZ.Chl","FW.norm",32,20.7368506493506,4,0.000357,"Kruskal-Wallis",0.00237482608695652,"**"
"C_denticulata","VAZ.Chl","FW.norm",18,4.01578947368422,3,0.26,"Kruskal-Wallis",0.296865671641791," "
"C_tasmanica","VAZ.Chl","FW.norm",31,24.2545664013406,3,2.21e-05,"Kruskal-Wallis",0.0006273,"***"
"C_costaricensis","VAZ.Chl","FW.norm",19,14.666052631579,2,0.000654,"Kruskal-Wallis",0.0032278064516129,"**"
"C_indecora","VAZ.Chl","FW.norm",13,6.25274725274726,3,0.0999,"Kruskal-Wallis",0.136470535714286," "
"C_australis","VAZ.Car","FW.norm",7,3.92857142857142,2,0.14,"Kruskal-Wallis",0.17136," "
"C_polygonorum","VAZ.Car","FW.norm",21,12.3073593073593,5,0.0308,"Kruskal-Wallis",0.0541655172413793,"."
"C_sandwichiana","VAZ.Car","FW.norm",18,13.9719298245614,4,0.00739,"Kruskal-Wallis",0.0194943103448276,"*"
"C_californica","VAZ.Car","FW.norm",28,18.1430917194464,3,0.000411,"Kruskal-Wallis",0.00252144,"**"
"C_compacta","VAZ.Car","FW.norm",17,12.8549019607843,3,0.00496,"Kruskal-Wallis",0.01581,"*"
"C_cephalanthii","VAZ.Car","FW.norm",32,25.3525162337662,4,4.27e-05,"Kruskal-Wallis",0.00067524,"***"
"C_denticulata","VAZ.Car","FW.norm",18,12.4105263157895,3,0.0061,"Kruskal-Wallis",0.0179480769230769,"*"
"C_tasmanica","VAZ.Car","FW.norm",31,24.0612104629242,3,2.43e-05,"Kruskal-Wallis",0.0006273,"***"
"C_costaricensis","VAZ.Car","FW.norm",19,14.9578947368421,2,0.000565,"Kruskal-Wallis",0.00298086206896552,"**"
"C_indecora","VAZ.Car","FW.norm",13,9.2032967032967,3,0.0267,"Kruskal-Wallis",0.0475011627906977,"*"
"C_australis","NVZ.Car","FW.norm",7,3.92857142857142,2,0.14,"Kruskal-Wallis",0.17136," "
"C_polygonorum","NVZ.Car","FW.norm",21,12.8831168831169,5,0.0245,"Kruskal-Wallis",0.0451626506024096,"*"
"C_sandwichiana","NVZ.Car","FW.norm",18,11.4105263157895,4,0.0223,"Kruskal-Wallis",0.04264875,"*"
"C_californica","NVZ.Car","FW.norm",28,15.7167487684729,3,0.0013,"Kruskal-Wallis",0.00511243902439024,"**"
"C_compacta","NVZ.Car","FW.norm",17,13.7647058823529,3,0.00324,"Kruskal-Wallis",0.011016,"*"
"C_cephalanthii","NVZ.Car","FW.norm",32,25.9246753246753,4,3.28e-05,"Kruskal-Wallis",0.0006273,"***"
"C_denticulata","NVZ.Car","FW.norm",18,10.3854636591479,3,0.0156,"Kruskal-Wallis",0.031824,"*"
"C_tasmanica","NVZ.Car","FW.norm",31,23.8784392019271,3,2.65e-05,"Kruskal-Wallis",0.0006273,"***"
"C_costaricensis","NVZ.Car","FW.norm",19,13.825,2,0.000995,"Kruskal-Wallis",0.00422875,"**"
"C_indecora","NVZ.Car","FW.norm",13,9.35164835164835,3,0.025,"Kruskal-Wallis",0.0455357142857143,"*"
"C_australis","Lut.Car","FW.norm",7,5.35714285714286,2,0.0687,"Kruskal-Wallis",0.102049514563107," "
"C_polygonorum","Lut.Car","FW.norm",21,15.7558441558442,5,0.00758,"Kruskal-Wallis",0.0196566101694915,"*"
"C_sandwichiana","Lut.Car","FW.norm",18,15.6947368421053,4,0.00346,"Kruskal-Wallis",0.0115082608695652,"*"
"C_californica","Lut.Car","FW.norm",28,14.8029556650246,3,0.00199,"Kruskal-Wallis",0.00724928571428571,"**"
"C_compacta","Lut.Car","FW.norm",17,13.1045751633987,3,0.00442,"Kruskal-Wallis",0.0143885106382979,"*"
"C_cephalanthii","Lut.Car","FW.norm",32,27.1992694805195,4,1.81e-05,"Kruskal-Wallis",0.0006273,"***"
"C_denticulata","Lut.Car","FW.norm",18,3.77518796992481,3,0.287,"Kruskal-Wallis",0.31365," "
"C_tasmanica","Lut.Car","FW.norm",31,25.0895305299539,3,1.48e-05,"Kruskal-Wallis",0.0006273,"***"
"C_costaricensis","Lut.Car","FW.norm",19,13.9410526315789,2,0.000939,"Kruskal-Wallis",0.00410477142857143,"**"
"C_indecora","Lut.Car","FW.norm",13,10.0555555555556,3,0.0181,"Kruskal-Wallis",0.0355038461538462,"*"
"C_australis","Lut.epo.Car","FW.norm",7,5.05434782608696,2,0.0799,"Kruskal-Wallis",0.114678504672897," "
"C_polygonorum","Lut.epo.Car","FW.norm",21,10.4151785714286,5,0.0643,"Kruskal-Wallis",0.0974049504950495,"."
"C_sandwichiana","Lut.epo.Car","FW.norm",18,6.86809078771695,4,0.143,"Kruskal-Wallis",0.173642857142857," "
"C_californica","Lut.epo.Car","FW.norm",28,2.40079365079364,3,0.493,"Kruskal-Wallis",0.509655405405405," "
"C_compacta","Lut.epo.Car","FW.norm",17,2.00624999999999,3,0.571,"Kruskal-Wallis",0.58242," "
"C_cephalanthii","Lut.epo.Car","FW.norm",32,22.0185627059508,4,0.000199,"Kruskal-Wallis",0.00160247368421053,"**"
"C_denticulata","Lut.epo.Car","FW.norm",18,8.86247334754798,3,0.0312,"Kruskal-Wallis",0.0542454545454545,"."
"C_tasmanica","Lut.epo.Car","FW.norm",31,21.1221609998656,3,9.93e-05,"Kruskal-Wallis",0.00094955625,"***"
"C_costaricensis","Lut.epo.Car","FW.norm",19,4.57407407407406,2,0.102,"Kruskal-Wallis",0.138106194690265," "
"C_indecora","Lut.epo.Car","FW.norm",13,9.50753768844221,3,0.0233,"Kruskal-Wallis",0.0440111111111111,"*"
"C_australis","a.Car.Car","FW.norm",7,1.9,2,0.387,"Kruskal-Wallis",0.408351724137931," "
"C_polygonorum","a.Car.Car","FW.norm",21,6.20920138888889,5,0.286,"Kruskal-Wallis",0.31365," "
"C_sandwichiana","a.Car.Car","FW.norm",18,7.19163223140496,4,0.126,"Kruskal-Wallis",0.162," "
"C_californica","a.Car.Car","FW.norm",28,3.91869747899159,3,0.27,"Kruskal-Wallis",0.306," "
"C_compacta","a.Car.Car","FW.norm",17,12.3428571428571,3,0.0063,"Kruskal-Wallis",0.018105,"*"
"C_cephalanthii","a.Car.Car","FW.norm",32,18.7399787187602,4,0.000884,"Kruskal-Wallis",0.0040815,"**"
"C_denticulata","a.Car.Car","FW.norm",18,3.80543093270366,3,0.283,"Kruskal-Wallis",0.31365," "
"C_tasmanica","a.Car.Car","FW.norm",31,7.84887369970976,3,0.0492,"Kruskal-Wallis",0.0804063829787234,"."
"C_costaricensis","a.Car.Car","FW.norm",19,8.90105263157895,2,0.0117,"Kruskal-Wallis",0.02754,"*"
"C_indecora","a.Car.Car","FW.norm",13,3.23022598870057,3,0.357,"Kruskal-Wallis",0.381965034965035," "
"C_australis","b.Car.Car","FW.norm",7,3.92857142857142,2,0.14,"Kruskal-Wallis",0.17136," "
"C_polygonorum","b.Car.Car","FW.norm",21,16.1645021645022,5,0.00639,"Kruskal-Wallis",0.018105,"*"
"C_sandwichiana","b.Car.Car","FW.norm",18,12.5824561403509,4,0.0135,"Kruskal-Wallis",0.0290915492957746,"*"
"C_californica","b.Car.Car","FW.norm",28,17.2799671592775,3,0.000619,"Kruskal-Wallis",0.0031569,"**"
"C_compacta","b.Car.Car","FW.norm",17,9.83137254901961,3,0.0201,"Kruskal-Wallis",0.0389278481012658,"*"
"C_cephalanthii","b.Car.Car","FW.norm",32,27.8488636363637,4,1.34e-05,"Kruskal-Wallis",0.0006273,"***"
"C_denticulata","b.Car.Car","FW.norm",18,14.2473684210526,3,0.00259,"Kruskal-Wallis",0.00900613636363636,"**"
"C_tasmanica","b.Car.Car","FW.norm",31,19.9326914013406,3,0.000175,"Kruskal-Wallis",0.0015215,"**"
"C_costaricensis","b.Car.Car","FW.norm",19,15.4694736842105,2,0.000437,"Kruskal-Wallis",0.00257157692307692,"**"
"C_indecora","b.Car.Car","FW.norm",13,8.42307692307692,3,0.038,"Kruskal-Wallis",0.0633619565217391,"."
"C_australis","Neo.Car","FW.norm",7,2.5,2,0.287,"Kruskal-Wallis",0.31365," "
"C_polygonorum","Neo.Car","FW.norm",21,9.82993197278912,5,0.0802,"Kruskal-Wallis",0.114678504672897," "
"C_cephalanthii","Neo.Car","FW.norm",32,24.6238070917846,4,5.99e-05,"Kruskal-Wallis",0.00067524,"***"
"C_australis","DEPS","FW.norm",7,4.5,2,0.105,"Kruskal-Wallis",0.139695652173913," "
"C_polygonorum","DEPS","FW.norm",21,7.98917748917749,5,0.157,"Kruskal-Wallis",0.1876640625," "
"C_sandwichiana","DEPS","FW.norm",18,10.4017543859649,4,0.0342,"Kruskal-Wallis",0.0587932584269663,"."
"C_californica","DEPS","FW.norm",28,7.78418953788412,3,0.0507,"Kruskal-Wallis",0.0816536842105263,"."
"C_compacta","DEPS","FW.norm",17,9.39084967320261,3,0.0245,"Kruskal-Wallis",0.0451626506024096,"*"
"C_cephalanthii","DEPS","FW.norm",32,20.4208603896104,4,0.000412,"Kruskal-Wallis",0.00252144,"**"
"C_denticulata","DEPS","FW.norm",18,6.18245614035088,3,0.103,"Kruskal-Wallis",0.138236842105263," "
"C_tasmanica","DEPS","FW.norm",31,10.5854668516967,3,0.0142,"Kruskal-Wallis",0.0297616438356164,"*"
"C_costaricensis","DEPS","FW.norm",19,15.0252631578947,2,0.000546,"Kruskal-Wallis",0.00298086206896552,"**"
"C_indecora","DEPS","FW.norm",13,6.28021978021978,3,0.0987,"Kruskal-Wallis",0.136045945945946," "
