"Subgenus","Pigment",".y.","n","statistic","df","p","method","p.adj","p.adj.signif"
"C_purpurata","a.Tocopherol","FW.norm",19,1.52130681818181,3,0.677,"Kruskal-Wallis",0.686026666666667," "
"Cuscuta","a.Tocopherol","FW.norm",16,1.75240384615386,2,0.416,"Kruskal-Wallis",0.451657142857143," "
"Grammica","a.Tocopherol","FW.norm",213,36.6801171404594,5,6.94e-07,"Kruskal-Wallis",4.05723076923077e-06,"***"
"Ipomoea_nil","a.Tocopherol","FW.norm",24,15.1843260188088,2,0.000504,"Kruskal-Wallis",0.00103524324324324,"**"
"C_purpurata","cis.B.carotene","FW.norm",19,14.2231578947368,3,0.00262,"Kruskal-Wallis",0.00485658536585366,"**"
"Cuscuta","cis.B.carotene","FW.norm",16,0.245798319327726,2,0.884,"Kruskal-Wallis",0.884," "
"Grammica","cis.B.carotene","FW.norm",213,26.6926302124982,5,6.55e-05,"Kruskal-Wallis",0.000262,"***"
"Ipomoea_nil","cis.B.carotene","FW.norm",24,16.1025,2,0.000319,"Kruskal-Wallis",0.000713058823529412,"***"
"Monogynella","cis.B.carotene","FW.norm",32,10.9120490620491,4,0.0276,"Kruskal-Wallis",0.0338322580645161,"*"
"C_purpurata","Chl.b","FW.norm",19,5.33333333333331,3,0.149,"Kruskal-Wallis",0.166529411764706," "
"Cuscuta","Chl.b","FW.norm",16,8.75672268907562,2,0.0125,"Kruskal-Wallis",0.0169642857142857,"*"
"Grammica","Chl.b","FW.norm",213,106.98598557141,5,1.78e-21,"Kruskal-Wallis",5.82666666666667e-20,"***"
"Ipomoea_nil","Chl.b","FW.norm",24,18.096,2,0.000118,"Kruskal-Wallis",0.000357481481481481,"***"
"Monogynella","Chl.b","FW.norm",32,22.5704184704185,4,0.000154,"Kruskal-Wallis",0.000390133333333333,"***"
"C_purpurata","Chl.a","FW.norm",19,12.5860714285714,3,0.00562,"Kruskal-Wallis",0.0085424,"**"
"Cuscuta","Chl.a","FW.norm",16,11.0357142857143,2,0.00401,"Kruskal-Wallis",0.00662521739130435,"**"
"Grammica","Chl.a","FW.norm",213,55.4669528498716,5,1.05e-10,"Kruskal-Wallis",7.98e-10,"***"
"Ipomoea_nil","Chl.a","FW.norm",24,17.576,2,0.000153,"Kruskal-Wallis",0.000390133333333333,"***"
"Monogynella","Chl.a","FW.norm",32,23.1177669552669,4,0.00012,"Kruskal-Wallis",0.000357481481481481,"***"
"C_purpurata","Tot.Chl","FW.norm",19,12.2946428571429,3,0.00644,"Kruskal-Wallis",0.00941230769230769,"**"
"Cuscuta","Tot.Chl","FW.norm",16,11.0357142857143,2,0.00401,"Kruskal-Wallis",0.00662521739130435,"**"
"Grammica","Tot.Chl","FW.norm",213,96.6942166238824,5,2.63e-19,"Kruskal-Wallis",3.9976e-18,"***"
"Ipomoea_nil","Tot.Chl","FW.norm",24,17.9465,2,0.000127,"Kruskal-Wallis",0.000357481481481481,"***"
"Monogynella","Tot.Chl","FW.norm",32,23.1104076479077,4,0.00012,"Kruskal-Wallis",0.000357481481481481,"***"
"Cuscuta","Chl.a.b","FW.norm",16,11.109768907563,2,0.00387,"Kruskal-Wallis",0.00662521739130435,"**"
"Grammica","Chl.a.b","FW.norm",212,49.0974593900601,5,2.12e-09,"Kruskal-Wallis",1.34266666666667e-08,"***"
"Ipomoea_nil","Chl.a.b","FW.norm",24,18.824,2,8.17e-05,"Kruskal-Wallis",0.00031046,"***"
"Monogynella","Chl.a.b","FW.norm",32,21.6645202020202,4,0.000234,"Kruskal-Wallis",0.000538909090909091,"***"
"C_purpurata","Tot.Car","FW.norm",19,6.2021052631579,3,0.102,"Kruskal-Wallis",0.117454545454545," "
"Cuscuta","Tot.Car","FW.norm",16,11.3596638655462,2,0.00341,"Kruskal-Wallis",0.0061506976744186,"**"
"Grammica","Tot.Car","FW.norm",213,104.320718778437,5,6.48e-21,"Kruskal-Wallis",1.2312e-19,"***"
"Ipomoea_nil","Tot.Car","FW.norm",24,17.9465,2,0.000127,"Kruskal-Wallis",0.000357481481481481,"***"
"Monogynella","Tot.Car","FW.norm",32,17.2987193362193,4,0.00169,"Kruskal-Wallis",0.00329333333333333,"**"
"C_purpurata","VAZ.Chl","FW.norm",14,2.41714285714285,3,0.49,"Kruskal-Wallis",0.517222222222222," "
"Cuscuta","VAZ.Chl","FW.norm",16,5.59128151260505,2,0.0611,"Kruskal-Wallis",0.0737079365079365,"."
"Grammica","VAZ.Chl","FW.norm",213,60.1007123806395,5,1.16e-11,"Kruskal-Wallis",1.102e-10,"***"
"Ipomoea_nil","VAZ.Chl","FW.norm",24,17.6865,2,0.000144,"Kruskal-Wallis",0.000390133333333333,"***"
"Monogynella","VAZ.Chl","FW.norm",32,6.79935064935064,4,0.147,"Kruskal-Wallis",0.166529411764706," "
"C_purpurata","VAZ.Car","FW.norm",19,15.0947368421053,3,0.00174,"Kruskal-Wallis",0.003306,"**"
"Cuscuta","VAZ.Car","FW.norm",16,10.2677521008403,2,0.00589,"Kruskal-Wallis",0.00877725490196079,"**"
"Grammica","VAZ.Car","FW.norm",213,76.3117669461827,5,4.95e-15,"Kruskal-Wallis",6.27e-14,"***"
"Ipomoea_nil","VAZ.Car","FW.norm",24,17.1839545454545,2,0.000186,"Kruskal-Wallis",0.00044175,"***"
"Monogynella","VAZ.Car","FW.norm",32,23.8167568542569,4,8.69e-05,"Kruskal-Wallis",0.000314495238095238,"***"
"C_purpurata","NVZ.Car","FW.norm",19,15.3936842105263,3,0.00151,"Kruskal-Wallis",0.00302,"**"
"Cuscuta","NVZ.Car","FW.norm",16,10.6739495798319,2,0.00481,"Kruskal-Wallis",0.00761583333333333,"**"
"Grammica","NVZ.Car","FW.norm",213,66.0786579609988,5,6.69e-13,"Kruskal-Wallis",7.26342857142857e-12,"***"
"Ipomoea_nil","NVZ.Car","FW.norm",24,17.9465,2,0.000127,"Kruskal-Wallis",0.000357481481481481,"***"
"Monogynella","NVZ.Car","FW.norm",32,28.5137265512265,4,9.81e-06,"Kruskal-Wallis",4.65975e-05,"***"
"C_purpurata","Lut.Car","FW.norm",19,11.6157894736842,3,0.00882,"Kruskal-Wallis",0.0126475471698113,"*"
"Cuscuta","Lut.Car","FW.norm",16,11.3193277310924,2,0.00348,"Kruskal-Wallis",0.0061506976744186,"**"
"Grammica","Lut.Car","FW.norm",213,118.841470807951,5,5.52e-24,"Kruskal-Wallis",4.1952e-22,"***"
"Ipomoea_nil","Lut.Car","FW.norm",24,15.8623636363636,2,0.000359,"Kruskal-Wallis",0.000772666666666667,"***"
"Monogynella","Lut.Car","FW.norm",32,20.6811688311688,4,0.000366,"Kruskal-Wallis",0.000772666666666667,"***"
"C_purpurata","Lut.epo.Car","FW.norm",19,2.26407079646018,3,0.519,"Kruskal-Wallis",0.540328767123288," "
"Cuscuta","Lut.epo.Car","FW.norm",16,7.2240291262136,2,0.027,"Kruskal-Wallis",0.0336393442622951,"*"
"Grammica","Lut.epo.Car","FW.norm",213,53.2175274144225,5,3.03e-10,"Kruskal-Wallis",2.09345454545455e-09,"***"
"Ipomoea_nil","Lut.epo.Car","FW.norm",24,5.38031865042174,2,0.0679,"Kruskal-Wallis",0.08063125,"."
"Monogynella","Lut.epo.Car","FW.norm",32,8.32647907647907,4,0.0803,"Kruskal-Wallis",0.0938892307692308,"."
"C_purpurata","a.Car.Car","FW.norm",19,11.0105263157895,3,0.0117,"Kruskal-Wallis",0.0164666666666667,"*"
"Cuscuta","a.Car.Car","FW.norm",16,7.51898734177216,2,0.0233,"Kruskal-Wallis",0.02964,"*"
"Grammica","a.Car.Car","FW.norm",213,14.5780926590293,5,0.0123,"Kruskal-Wallis",0.0169642857142857,"*"
"Ipomoea_nil","a.Car.Car","FW.norm",24,19.435,2,6.02e-05,"Kruskal-Wallis",0.000254177777777778,"***"
"Monogynella","a.Car.Car","FW.norm",32,12.019978985596,4,0.0172,"Kruskal-Wallis",0.0225379310344828,"*"
"C_purpurata","b.Car.Car","FW.norm",19,12.9463157894737,3,0.00475,"Kruskal-Wallis",0.00761583333333333,"**"
"Cuscuta","b.Car.Car","FW.norm",16,10.5526260504202,2,0.00511,"Kruskal-Wallis",0.00792571428571429,"**"
"Grammica","b.Car.Car","FW.norm",213,106.456970811765,5,2.3e-21,"Kruskal-Wallis",5.82666666666667e-20,"***"
"Ipomoea_nil","b.Car.Car","FW.norm",24,17.394,2,0.000167,"Kruskal-Wallis",0.00040941935483871,"***"
"Monogynella","b.Car.Car","FW.norm",32,26.6422258297258,4,2.35e-05,"Kruskal-Wallis",0.000105058823529412,"***"
"Grammica","Neo.Car","FW.norm",213,55.9006830766698,5,8.52e-11,"Kruskal-Wallis",7.19466666666667e-10,"***"
"Ipomoea_nil","Neo.Car","FW.norm",24,8.58649999999999,2,0.0137,"Kruskal-Wallis",0.0182666666666667,"*"
"Monogynella","Neo.Car","FW.norm",32,29.5122975404919,4,6.15e-06,"Kruskal-Wallis",3.116e-05,"***"
"C_purpurata","DEPS","FW.norm",19,1.80105263157895,3,0.615,"Kruskal-Wallis",0.631621621621622," "
"Cuscuta","DEPS","FW.norm",16,2.88403361344538,2,0.236,"Kruskal-Wallis",0.259942028985507," "
"Grammica","DEPS","FW.norm",213,33.8475120490459,5,2.55e-06,"Kruskal-Wallis",1.38428571428571e-05,"***"
"Ipomoea_nil","DEPS","FW.norm",24,7.51036363636364,2,0.0234,"Kruskal-Wallis",0.02964,"*"
"Monogynella","DEPS","FW.norm",32,3.45006441308314,4,0.486,"Kruskal-Wallis",0.517222222222222," "
