Subgenus,Tissue.code,Pigment,Mean,n,sd
C_purpurata,y,a.Tocopherol,0.566544654525198,5,0.7773398836346539
C_purpurata,y,Violaxanthin,1.883761171064052,5,1.289315124071167
C_purpurata,y,Neoxanthin,0,5,0
C_purpurata,y,Lutein.epoxide,0.870771724552354,5,0.8038706631547005
C_purpurata,y,Antheraxanthin,1.656492155935988,5,0.7846064899934277
C_purpurata,y,Lutein,3.115349671193464,5,1.4470663425792836
C_purpurata,y,Zeaxanthin,0.915661063388452,5,0.3584794736220008
C_purpurata,y,a.Carotene,0.06570722420542,5,0.1134532223388231
C_purpurata,y,b.Carotene,1.952659724682236,5,0.9738589341143266
C_purpurata,y,cis.B.carotene,0.662996241958934,5,0.1455483570859948
C_purpurata,y,Chl.b,0,5,0
C_purpurata,y,Chl.a,1.6389748591831759,5,0.7538160081210888
C_purpurata,y,Car.Chl31,3768.031171887946,5,484.6375100223326
C_purpurata,y,Tot.Chl,1.6389748591831759,5,0.7538160081210888
C_purpurata,y,Tot.Car,9.589631010469612,5,4.886278741391676
C_purpurata,y,VAZ,4.455914390388492,5,2.429313389340109
C_purpurata,y,VAZ.Chl,2.6034726782401796,5,0.37899711783100243
C_purpurata,y,VAZ.Car,0.4543016418269341,5,0.026022206932600874
C_purpurata,y,NVZ,2.799422234452504,5,1.6456047168733212
C_purpurata,y,NVZ.Car,0.2770732684614684,5,0.03677997641012696
C_purpurata,y,Lut.Chl,1.8983402957685305,5,0.045170945114843646
C_purpurata,y,Lut.Car,0.33439563460120364,5,0.027077490983096256
C_purpurata,y,Lut.epo.Car,0.06682130658561415,5,0.06212012898636427
C_purpurata,y,a.Car.Car,0.006142214736335871,5,0.008010236092104392
C_purpurata,y,b.Car.Car,0.2051605088355264,5,0.004186082190818996
C_purpurata,y,Zea.Car,0.10314884196233068,5,0.019445154891959325
C_purpurata,y,Vio.Car,0.17392442649913772,5,0.05589674353752202
C_purpurata,y,Neo.Car,0,5,0
C_purpurata,y,Ant.Car,0.1772283733654657,5,0.012183132428268156
C_purpurata,y,DEPS,42.56016007044632,5,8.033044807743856
C_purpurata,o,a.Tocopherol,5.07856536241446,6,7.368681917661247
C_purpurata,o,Violaxanthin,0.668870379790075,6,0.545371973682659
C_purpurata,o,Neoxanthin,0,6,0
C_purpurata,o,Lutein.epoxide,0.6172507538022867,6,0.4813068111645048
C_purpurata,o,Antheraxanthin,0.828533284023215,6,0.18666244365122367
C_purpurata,o,Lutein,2.12953762025326,6,0.17102130833524581
C_purpurata,o,Zeaxanthin,0.23406289269933334,6,0.2063157101982654
C_purpurata,o,a.Carotene,1.5884902232741283,6,1.6451418224499506
C_purpurata,o,b.Carotene,6.3963705042167955,6,1.9233936633046773
C_purpurata,o,cis.B.carotene,3.85637006312853,6,0.6421857789681646
C_purpurata,o,Chl.b,0,6,0
C_purpurata,o,Chl.a,0.09805833343139166,6,0.24019288193460667
C_purpurata,o,Car.Chl31,12382.411125239554,1,NA
C_purpurata,o,Tot.Chl,0.09805833343139166,6,0.24019288193460667
C_purpurata,o,Tot.Car,11.845864904256807,6,4.0089796242954
C_purpurata,o,VAZ,1.7314665565126233,6,0.6032591605439697
C_purpurata,o,VAZ.Chl,2.4341080522265193,1,NA
C_purpurata,o,VAZ.Car,0.14586707742498897,6,0.00855192895556641
C_purpurata,o,NVZ,0.9029332724894084,6,0.44133113371219373
C_purpurata,o,NVZ.Car,0.07325594939874892,6,0.015795692181347607
C_purpurata,o,Lut.Chl,3.8200941915227635,1,NA
C_purpurata,o,Lut.Car,0.19381284906794158,6,0.05108286566659866
C_purpurata,o,Lut.epo.Car,0.049700953356692064,6,0.04370796370583193
C_purpurata,o,a.Car.Car,0.11520227752896717,6,0.079868621346474
C_purpurata,o,b.Car.Car,0.5451177959781023,6,0.040694332013508666
C_purpurata,o,Zea.Car,0.022738928106071265,6,0.025015364798684735
C_purpurata,o,Vio.Car,0.050517021292677655,6,0.03951036380963879
C_purpurata,o,Neo.Car,0,6,0
C_purpurata,o,Ant.Car,0.07261112802624006,6,0.013566025461338671
C_purpurata,o,DEPS,40.723799157214586,6,22.08908444777881
C_purpurata,h,a.Tocopherol,1.70199340089921,3,0.6760253990448649
C_purpurata,h,Violaxanthin,1.0616574689611333,3,0.38397044038839
C_purpurata,h,Neoxanthin,0,3,0
C_purpurata,h,Lutein.epoxide,0.74749817322908,3,0.3707612711926555
C_purpurata,h,Antheraxanthin,1.0228552083794464,3,0.23777563225978282
C_purpurata,h,Lutein,2.3928763624638933,3,0.8376975545070054
C_purpurata,h,Zeaxanthin,0.34461441860527,3,0.3353882912375218
C_purpurata,h,a.Carotene,0.6429801716791167,3,0.22465109019363821
C_purpurata,h,b.Carotene,3.5916501253833766,3,0.6333771156785407
C_purpurata,h,cis.B.carotene,2.5400646865301666,3,1.0698466221304053
C_purpurata,h,Chl.b,0.36313047206315674,3,0.6289604273898582
C_purpurata,h,Chl.a,0.6116916796773033,3,0.3604506289766396
C_purpurata,h,Car.Chl31,8666.08764834073,3,5536.916804960796
C_purpurata,h,Tot.Chl,0.97482215174046,3,0.985489735063135
C_purpurata,h,Chl.a.b,0.9370327701269588,1,NA
C_purpurata,h,Tot.Car,9.056633755472236,3,1.5735185120566364
C_purpurata,h,VAZ,2.4291270959458497,3,0.4251220314596327
C_purpurata,h,VAZ.Chl,4.354392829667668,3,2.7757791688406344
C_purpurata,h,VAZ.Car,0.2682230948389295,3,0.011729329476755614
C_purpurata,h,NVZ,1.406271887566403,3,0.23249159572045405
C_purpurata,h,NVZ.Car,0.1555331853374382,3,0.006350621100068617
C_purpurata,h,Lut.Chl,4.223722539878516,3,2.924103389208699
C_purpurata,h,Lut.Car,0.25902433497503446,3,0.04897007788234085
C_purpurata,h,Lut.epo.Car,0.08143479650439833,3,0.03378927368651958
C_purpurata,h,a.Car.Car,0.07450777433470522,3,0.032892699496675164
C_purpurata,h,b.Car.Car,0.3982447958513308,3,0.04654925801959326
C_purpurata,h,Zea.Car,0.0371188302361493,3,0.03894518507092779
C_purpurata,h,Vio.Car,0.11841435510128892,3,0.04523446583394616
C_purpurata,h,Neo.Car,0,3,0
C_purpurata,h,Ant.Car,0.11268990950149127,3,0.017808070792826976
C_purpurata,h,DEPS,34.386777833862446,3,16.196638070771286
C_purpurata,f,a.Tocopherol,3.2369216130397724,5,3.89069321718958
C_purpurata,f,Violaxanthin,0.586667719429938,5,0.1416983539035212
C_purpurata,f,Neoxanthin,0,5,0
C_purpurata,f,Lutein.epoxide,0.534598725768834,5,0.14045668684614987
C_purpurata,f,Antheraxanthin,0.357812544663378,5,0.37326925121335597
C_purpurata,f,Lutein,1.2555847818807462,5,0.32976135677843715
C_purpurata,f,Zeaxanthin,0.396524271500024,5,0.17603747480763338
C_purpurata,f,a.Carotene,0.559896521259198,5,0.36995560491184915
C_purpurata,f,b.Carotene,3.243245374617192,5,1.145480203709626
C_purpurata,f,cis.B.carotene,0.781021995421744,5,0.24903187783837052
C_purpurata,f,Chl.b,0,5,0
C_purpurata,f,Chl.a,0.96791915964359,5,0.6336576128764458
C_purpurata,f,Car.Chl31,7260.363111639212,5,5668.426522130615
C_purpurata,f,Tot.Chl,0.96791915964359,5,0.6336576128764458
C_purpurata,f,Tot.Car,6.399731213350476,5,1.4512953175085546
C_purpurata,f,VAZ,1.34100453559334,5,0.5362619082245583
C_purpurata,f,VAZ.Chl,1.8482659910817705,5,1.0413291921238566
C_purpurata,f,VAZ.Car,0.21022460957619105,5,0.06346993763645929
C_purpurata,f,NVZ,0.983191990929962,5,0.27875187510905475
C_purpurata,f,NVZ.Car,0.16168700004912123,5,0.05910269837695298
C_purpurata,f,Lut.Chl,1.7767447145674444,5,0.9729977170781192
C_purpurata,f,Lut.Car,0.19731407024749242,5,0.03495849203284909
C_purpurata,f,Lut.epo.Car,0.08927017200743081,5,0.03887903867907382
C_purpurata,f,a.Car.Car,0.08362922599392471,5,0.04310875721104044
C_purpurata,f,b.Car.Car,0.5088320941823918,5,0.12473707466696168
C_purpurata,f,Zea.Car,0.06388308095700915,5,0.02560758079825669
C_purpurata,f,Vio.Car,0.0978039190921121,5,0.04013504434917609
C_purpurata,f,Neo.Car,0,5,0
C_purpurata,f,Ant.Car,0.04853760952706978,5,0.05081149788294041
C_purpurata,f,DEPS,41.33367988609075,5,6.706727599425799
Cuscuta,y,a.Tocopherol,0.9030194627189001,5,0.8464854292547019
Cuscuta,y,Violaxanthin,7.576727717081502,5,1.7625786918753719
Cuscuta,y,Neoxanthin,0,5,0
Cuscuta,y,Lutein.epoxide,0.373806567685854,5,0.34883433632568517
Cuscuta,y,Antheraxanthin,4.84295563147955,5,1.0289202011239917
Cuscuta,y,Lutein,5.145372303440846,5,1.351861150095846
Cuscuta,y,Zeaxanthin,2.394064433018464,5,0.5182165525304847
Cuscuta,y,a.Carotene,0.0728789687236,5,0.11525098466893974
Cuscuta,y,b.Carotene,6.681939582775504,5,1.8412486611119399
Cuscuta,y,cis.B.carotene,1.355128469792244,5,1.420115055609571
Cuscuta,y,Chl.b,3.8478975547475223,5,1.1804279644686735
Cuscuta,y,Chl.a,20.099971966096312,5,7.0124888155425475
Cuscuta,y,Car.Chl31,580.599818757571,5,147.2982654800387
Cuscuta,y,Tot.Chl,23.947869520843835,5,8.147500661630373
Cuscuta,y,Chl.a.b,5.1776978195257515,5,0.609609588743809
Cuscuta,y,Tot.Car,26.71393863651947,5,6.303289444935329
Cuscuta,y,VAZ,14.813747781579517,5,3.1696446692782816
Cuscuta,y,VAZ.Chl,0.6439235620654937,5,0.10212086970027263
Cuscuta,y,VAZ.Car,0.5562350326900181,5,0.01977899162602596
Cuscuta,y,NVZ,9.970792150099966,5,2.1462707123932114
Cuscuta,y,NVZ.Car,0.3742966895469305,5,0.01584637416550935
Cuscuta,y,Lut.Chl,0.22053227125248526,5,0.02404911905631284
Cuscuta,y,Lut.Car,0.19165345442009726,5,0.011145649326893886
Cuscuta,y,Lut.epo.Car,0.012837976253123436,5,0.01229071427432796
Cuscuta,y,a.Car.Car,0.0021610749448639156,5,0.00307928060443487
Cuscuta,y,b.Car.Car,0.24995043794502078,5,0.025651906327511333
Cuscuta,y,Zea.Car,0.09052271481994713,5,0.011648121624445406
Cuscuta,y,Vio.Car,0.28377397472698335,5,0.022973014488287452
Cuscuta,y,Neo.Car,0,5,0
Cuscuta,y,Ant.Car,0.18193834314308746,5,0.004968890696985251
Cuscuta,y,DEPS,32.664227974395885,5,2.5706302132152445
Cuscuta,o,a.Tocopherol,0.6067558019578129,7,0.7833336749093409
Cuscuta,o,Violaxanthin,2.2316827236192283,7,0.5027582210390205
Cuscuta,o,Neoxanthin,0,7,0
Cuscuta,o,Lutein.epoxide,0,7,0
Cuscuta,o,Antheraxanthin,1.7146464773724799,7,0.252130133384115
Cuscuta,o,Lutein,1.513992504000267,7,0.5314700319359816
Cuscuta,o,Zeaxanthin,0.7684350936142585,7,0.12542644460928246
Cuscuta,o,a.Carotene,0,7,0
Cuscuta,o,b.Carotene,4.838223010037793,7,2.3054280441049535
Cuscuta,o,cis.B.carotene,1.1384254899197057,7,0.7416238608352059
Cuscuta,o,Chl.b,2.430564223594124,7,0.7246548497049415
Cuscuta,o,Chl.a,6.451944545290067,7,2.8861797419149844
Cuscuta,o,Car.Chl31,891.6288386257141,7,410.8304311594664
Cuscuta,o,Tot.Chl,8.882508768884191,7,3.5356182681538355
Cuscuta,o,Chl.a.b,2.579822901908592,7,0.7018946281500038
Cuscuta,o,Tot.Car,11.066979808644026,7,2.588012773910841
Cuscuta,o,VAZ,4.714764294605967,7,0.7756295088056168
Cuscuta,o,VAZ.Chl,0.5883260021357085,7,0.1803891201642438
Cuscuta,o,VAZ.Car,0.4371443675090834,7,0.07014961753589294
Cuscuta,o,NVZ,3.000117817233487,7,0.5306579881660851
Cuscuta,o,NVZ.Car,0.2771248652735983,7,0.041776639249642276
Cuscuta,o,Lut.Chl,0.17425059603839857,7,0.012851347399649554
Cuscuta,o,Lut.Car,0.1390564105869099,7,0.04075135419314851
Cuscuta,o,Lut.epo.Car,0,7,0
Cuscuta,o,a.Car.Car,0,7,0
Cuscuta,o,b.Car.Car,0.42379922190400665,7,0.10500471779949021
Cuscuta,o,Zea.Car,0.07253110711158962,7,0.01960036747413638
Cuscuta,o,Vio.Car,0.20459375816200867,7,0.03418574958229779
Cuscuta,o,Neo.Car,0,7,0
Cuscuta,o,Ant.Car,0.1600195022354851,7,0.029032874532003313
Cuscuta,o,DEPS,34.85701156235428,7,3.5886157780138603
Cuscuta,h,a.Tocopherol,1.1060670236317525,4,0.7456848687889738
Cuscuta,h,Violaxanthin,4.635668079673117,4,0.9908052423039083
Cuscuta,h,Neoxanthin,0,4,0
Cuscuta,h,Lutein.epoxide,0.34798684132244,4,0.2856343791750364
Cuscuta,h,Antheraxanthin,2.7349261909681974,4,0.5429408034521296
Cuscuta,h,Lutein,3.503935149985508,4,0.8251836182958673
Cuscuta,h,Zeaxanthin,1.178738255060485,4,0.46687616656873737
Cuscuta,h,a.Carotene,0,4,0
Cuscuta,h,b.Carotene,4.742823626506885,4,2.224729699701908
Cuscuta,h,cis.B.carotene,1.3207721306314275,4,0.6436397230664997
Cuscuta,h,Chl.b,4.389190994329735,4,0.9373182951052924
Cuscuta,h,Chl.a,15.452167774495829,4,5.110439315539846
Cuscuta,h,Car.Chl31,524.8228364547564,4,136.8281249305467
Cuscuta,h,Tot.Chl,19.841358768825565,4,6.024511757429191
Cuscuta,h,Chl.a.b,3.455101196077136,4,0.5341442313260882
Cuscuta,h,Tot.Car,16.796091302194192,4,4.7052543147838275
Cuscuta,h,VAZ,8.5493325257018,4,1.6840008973010245
Cuscuta,h,VAZ.Chl,0.44417560621689134,4,0.06259209561333948
Cuscuta,h,VAZ.Car,0.5179875935455963,4,0.043582856923427594
Cuscuta,h,NVZ,5.814406334733603,4,1.154203241205513
Cuscuta,h,NVZ.Car,0.35223207033150195,4,0.03171174781722696
Cuscuta,h,Lut.Chl,0.18095293734632595,4,0.026439740745925092
Cuscuta,h,Lut.Car,0.21078221999230173,4,0.014330034013980097
Cuscuta,h,Lut.epo.Car,0.01844182222424804,4,0.013051274346018158
Cuscuta,h,a.Car.Car,0,4,0
Cuscuta,h,b.Car.Car,0.27123018646210195,4,0.053119430129009944
Cuscuta,h,Zea.Car,0.07106703389449866,4,0.024215430300902924
Cuscuta,h,Vio.Car,0.2811650364370033,4,0.043334142315867685
Cuscuta,h,Neo.Car,0,4,0
Cuscuta,h,Ant.Car,0.16575552321409434,4,0.014717012836486763
Cuscuta,h,DEPS,29.799270305693156,4,5.249514927737595
Grammica,sdlg,a.Tocopherol,0.4714881601315394,15,1.1724955196071243
Grammica,sdlg,Violaxanthin,5.53168583758124,15,3.940111457958083
Grammica,sdlg,Neoxanthin,0.5821843651826353,15,1.1411012814378574
Grammica,sdlg,Lutein.epoxide,0.6408907380065493,15,1.2527538693996865
Grammica,sdlg,Antheraxanthin,5.196225971299338,15,2.5678089141316116
Grammica,sdlg,Lutein,17.106760963207655,15,10.960400717437828
Grammica,sdlg,Zeaxanthin,4.187338652548113,15,5.46847434001458
Grammica,sdlg,a.Carotene,0.9661896403259866,15,1.0716922617595825
Grammica,sdlg,b.Carotene,7.977940766537595,15,6.074508214938034
Grammica,sdlg,cis.B.carotene,2.8120255325376307,15,2.331575284368809
Grammica,sdlg,Chl.b,10.450874074757492,15,5.5474976481442315
Grammica,sdlg,Chl.a,31.086078861578116,15,20.498436058759115
Grammica,sdlg,Car.Chl31,1158.8802892854653,15,1184.2852970908993
Grammica,sdlg,Tot.Chl,41.53695293633561,15,25.442930212899892
Grammica,sdlg,Chl.a.b,2.864531195959987,15,1.1275305173766914
Grammica,sdlg,Tot.Car,41.54832619668256,15,25.908497895191232
Grammica,sdlg,VAZ,14.91525046142869,15,9.95366443001107
Grammica,sdlg,VAZ.Chl,0.46885999836795206,15,0.40421266673266243
Grammica,sdlg,VAZ.Car,0.36534369952697765,15,0.08918509187474959
Grammica,sdlg,NVZ,10.301208855311987,15,8.237836869560933
Grammica,sdlg,NVZ.Car,0.23337961205480912,15,0.05664471741902763
Grammica,sdlg,Lut.Chl,0.7080032467136839,15,1.1278234893812498
Grammica,sdlg,Lut.Car,0.41655785993065714,15,0.058926978342092165
Grammica,sdlg,Lut.epo.Car,0.014366945324410622,15,0.03737683935931042
Grammica,sdlg,a.Car.Car,0.02251558251974137,15,0.025228728233512878
Grammica,sdlg,b.Car.Car,0.1875575307567866,15,0.06325331684204134
Grammica,sdlg,Zea.Car,0.10019739211749763,15,0.06898176514425755
Grammica,sdlg,Vio.Car,0.12515689267147426,15,0.03898520689519287
Grammica,sdlg,Neo.Car,0.008025327265837245,15,0.015707998327228582
Grammica,sdlg,Ant.Car,0.13998941473800577,15,0.05464725602949899
Grammica,sdlg,DEPS,44.17526922607772,15,13.091111032476016
Grammica,y,a.Tocopherol,6.821446424711157,55,9.6057320453677
Grammica,y,Violaxanthin,8.900369222807491,55,4.82689886415644
Grammica,y,Neoxanthin,0.03744602600952345,55,0.16399243666080482
Grammica,y,Lutein.epoxide,0.45611366036872414,55,1.6742150031561145
Grammica,y,Antheraxanthin,8.774486084963188,55,3.878834456567939
Grammica,y,Lutein,12.639470150505128,55,9.605657818968956
Grammica,y,Zeaxanthin,7.640003624751426,55,4.511340862042399
Grammica,y,a.Carotene,2.5659361770675426,55,13.487883569727714
Grammica,y,b.Carotene,16.504207471785442,55,9.881990615571704
Grammica,y,cis.B.carotene,6.978090016578547,55,5.5744789702006985
Grammica,y,Chl.b,7.965527006431268,55,5.240008740234972
Grammica,y,Chl.a,30.228455092745563,55,23.64922448324369
Grammica,y,Car.Chl31,1363.179684056652,55,1294.870917046314
Grammica,y,Tot.Chl,38.19398209917683,55,26.837864937027742
Grammica,y,Chl.a.b,4.399102700468645,55,2.2603507180401192
Grammica,y,Tot.Car,57.06191875788974,55,27.700852661147817
Grammica,y,VAZ,25.314858932522103,55,10.519923537572968
Grammica,y,VAZ.Chl,1.1361526357683518,55,1.3636847371258396
Grammica,y,VAZ.Car,0.459934001588782,55,0.12158859489398377
Grammica,y,NVZ,16.57781887356844,55,6.919947517812753
Grammica,y,NVZ.Car,0.30132932543090674,55,0.07700495751307018
Grammica,y,Lut.Chl,0.5149945802164869,55,0.690354176254522
Grammica,y,Lut.Car,0.20542855483755246,55,0.11455443561046762
Grammica,y,Lut.epo.Car,0.006440877547725269,55,0.022405810646883288
Grammica,y,a.Car.Car,0.022997917903475135,55,0.0698847022215859
Grammica,y,b.Car.Car,0.3111075512409776,55,0.15220358805067147
Grammica,y,Zea.Car,0.14128628001269464,55,0.07128353009436972
Grammica,y,Vio.Car,0.15951107098899928,55,0.0716648258454988
Grammica,y,Neo.Car,5.319744292128015e-4,55,0.0022828189939595907
Grammica,y,Ant.Car,0.1591366505870881,55,0.05276507123045127
Grammica,y,DEPS,47.80404112479352,55,12.37172694590069
Grammica,o,a.Tocopherol,1.7953756996538124,69,1.4669489777340956
Grammica,o,Violaxanthin,1.7630347482857263,69,0.9201823102798896
Grammica,o,Neoxanthin,0,69,0
Grammica,o,Lutein.epoxide,0.004983311383984348,69,0.04139449325855568
Grammica,o,Antheraxanthin,1.2969847416635205,69,0.6942470868173555
Grammica,o,Lutein,1.516729887464547,69,0.8029230903501621
Grammica,o,Zeaxanthin,1.2563431818036466,69,0.7882328373881327
Grammica,o,a.Carotene,0.8136091236734329,69,1.1382201059574932
Grammica,o,b.Carotene,13.34029820734794,69,6.752406471568881
Grammica,o,cis.B.carotene,6.464297167241141,69,4.109593225147231
Grammica,o,Chl.b,2.671232278017656,69,1.3595512128409046
Grammica,o,Chl.a,7.634415642362834,69,4.264079127112782
Grammica,o,Car.Chl31,1335.058471760314,69,887.8366901654772
Grammica,o,Tot.Chl,10.30564792038049,69,5.550770837896792
Grammica,o,Chl.a.b,2.814403304124605,68,0.531157781713525
Grammica,o,Tot.Car,19.986999890238813,69,7.875526418380107
Grammica,o,VAZ,4.316362671752893,69,1.7708022720011867
Grammica,o,VAZ.Chl,0.4672439209213886,69,0.18947049601489768
Grammica,o,VAZ.Car,0.24499935725552854,69,0.13604826463085337
Grammica,o,NVZ,3.0193779300893726,69,1.1842546986808415
Grammica,o,NVZ.Car,0.1718295705239159,69,0.09221220264158596
Grammica,o,Lut.Chl,0.15782508186811248,69,0.0799160138235013
Grammica,o,Lut.Car,0.08144731019661088,69,0.050330024619704504
Grammica,o,Lut.epo.Car,1.2636382827787163e-4,69,0.0010496567913826503
Grammica,o,a.Car.Car,0.0362443016741716,69,0.05347962679859565
Grammica,o,b.Car.Car,0.637309030873689,69,0.16801091235199608
Grammica,o,Zea.Car,0.06713051053078502,69,0.04125782459349561
Grammica,o,Vio.Car,0.10469905999313088,69,0.07877530852479563
Grammica,o,Neo.Car,0,69,0
Grammica,o,Ant.Car,0.07316978673161266,69,0.04764802574106118
Grammica,o,DEPS,44.643863022658365,69,14.514476563337263
Grammica,h,a.Tocopherol,15.300155991873245,41,45.64060116472291
Grammica,h,Violaxanthin,5.133786385802178,41,2.447625386778943
Grammica,h,Neoxanthin,0.06001428995300878,41,0.18795384094749135
Grammica,h,Lutein.epoxide,0.31871935364676146,41,0.40777839125463977
Grammica,h,Antheraxanthin,3.1401563039322595,41,1.8674481588087826
Grammica,h,Lutein,7.20509497698149,41,4.606169047359973
Grammica,h,Zeaxanthin,2.0682252289557104,41,2.005278475694393
Grammica,h,a.Carotene,1.1116226299244996,41,1.1159498447270946
Grammica,h,b.Carotene,19.189645359836366,41,13.537113197191305
Grammica,h,cis.B.carotene,7.832782494458055,41,4.952034067389039
Grammica,h,Chl.b,9.344051747566558,41,5.976101893650527
Grammica,h,Chl.a,25.82435334869408,41,18.47023930059404
Grammica,h,Car.Chl31,1851.7757900418494,41,3634.334124821815
Grammica,h,Tot.Chl,35.168405096260635,41,23.45599261183487
Grammica,h,Chl.a.b,2.9152139506744947,41,1.0864983894605729
Grammica,h,Tot.Car,37.90854517538551,41,18.725986741814413
Grammica,h,VAZ,10.342167918690148,41,5.059645963449232
Grammica,h,VAZ.Chl,0.5933889298641135,41,1.2433298624160707
Grammica,h,VAZ.Car,0.28971327873267766,41,0.11214662070533434
Grammica,h,NVZ,7.262025904710898,41,3.3684385766332388
Grammica,h,NVZ.Car,0.20538299236544463,41,0.07795766884182126
Grammica,h,Lut.Chl,0.4718299352341912,41,1.2031887842898283
Grammica,h,Lut.Car,0.19201163956385414,41,0.0955775145832477
Grammica,h,Lut.epo.Car,0.008364321697764576,41,0.01028711116505175
Grammica,h,a.Car.Car,0.028305396028802797,41,0.02800091724616451
Grammica,h,b.Car.Car,0.48865059213752826,41,0.17049794167396715
Grammica,h,Zea.Car,0.05439773585994608,41,0.04119143751780114
Grammica,h,Vio.Car,0.14966616296836138,41,0.06874102326745482
Grammica,h,Neo.Car,0.0013190935371371493,41,0.004592247905282907
Grammica,h,Ant.Car,0.08564937990437019,41,0.04032301288543884
Grammica,h,DEPS,33.55688572437107,41,10.121755729676407
Grammica,f,a.Tocopherol,6.328537427237442,25,7.321181354860273
Grammica,f,Violaxanthin,4.487281215166029,25,3.10890308101136
Grammica,f,Neoxanthin,0.16747700737490717,25,0.41147909167375385
Grammica,f,Lutein.epoxide,0.3519193094058684,25,0.5139904035273215
Grammica,f,Antheraxanthin,2.5629750709083705,25,1.3799289027986965
Grammica,f,Lutein,6.892025321248927,25,4.6018666671606
Grammica,f,Zeaxanthin,1.8278370627507903,25,0.8016320773312058
Grammica,f,a.Carotene,0.487968173996782,25,0.7104433561162047
Grammica,f,b.Carotene,10.137802537077082,25,5.789236126692816
Grammica,f,cis.B.carotene,4.004259478803607,25,2.6610830373627117
Grammica,f,Chl.b,10.851233949201996,25,6.2477795094837285
Grammica,f,Chl.a,29.105953883138415,25,21.43016896007386
Grammica,f,Car.Chl31,562.2904735838272,25,431.98027700422455
Grammica,f,Tot.Chl,39.95718783234041,25,25.09859471479542
Grammica,f,Chl.a.b,2.9968687028152954,25,1.4580505874436998
Grammica,f,Tot.Car,26.563366388522887,25,10.891037711546112
Grammica,f,VAZ,8.878093348825189,25,4.398024346615706
Grammica,f,VAZ.Chl,0.3041308122995783,25,0.2622050034725799
Grammica,f,VAZ.Car,0.3477052614094926,25,0.12756434977126305
Grammica,f,NVZ,6.482595285291726,25,3.3108437119888037
Grammica,f,NVZ.Car,0.2520314333146517,25,0.0885873837271239
Grammica,f,Lut.Chl,0.23341932098236204,25,0.214124433288589
Grammica,f,Lut.Car,0.2523368265627034,25,0.10116086765943001
Grammica,f,Lut.epo.Car,0.010402474419973981,25,0.013010737715565419
Grammica,f,a.Car.Car,0.02674313114074951,25,0.06068715670149304
Grammica,f,b.Car.Car,0.36894231812658973,25,0.19641414511786529
Grammica,f,Zea.Car,0.08416866317752325,25,0.05871066644637903
Grammica,f,Vio.Car,0.16359030737666364,25,0.0765854548939607
Grammica,f,Neo.Car,0.004272462760464804,25,0.010793440234363131
Grammica,f,Ant.Car,0.09994629085530571,25,0.04219559964790538
Grammica,f,DEPS,39.39138162730508,25,13.535113798973429
Grammica,s,a.Tocopherol,1.5008122502038301,8,2.0094142860974458
Grammica,s,Violaxanthin,9.407590088318875,8,2.7906095727631017
Grammica,s,Neoxanthin,1.0835711244434925,8,0.6864343158161967
Grammica,s,Lutein.epoxide,0.8003616579607887,8,0.36904292547730766
Grammica,s,Antheraxanthin,5.176026968121935,8,2.1212453450673654
Grammica,s,Lutein,25.05610227539359,8,5.903352106720858
Grammica,s,Zeaxanthin,3.147693705044925,8,1.2384119285692614
Grammica,s,a.Carotene,0.5630960025470326,8,1.007114575801894
Grammica,s,b.Carotene,12.557289446204862,8,3.3138045671701644
Grammica,s,cis.B.carotene,3.905278926804776,8,0.6328426876571105
Grammica,s,Chl.b,26.185668407022803,8,9.815257164638368
Grammica,s,Chl.a,61.535305346635205,8,39.70582790386122
Grammica,s,Car.Chl31,619.0263908057232,8,754.5997650175262
Grammica,s,Tot.Chl,87.720973753658,8,39.54763265473453
Grammica,s,Chl.a.b,2.617546590493905,8,1.5314940223608886
Grammica,s,Tot.Car,56.99136961007471,8,9.57032752068501
Grammica,s,VAZ,17.731310761485734,8,4.83553743153619
Grammica,s,VAZ.Chl,0.27210234859256993,8,0.21118852454388157
Grammica,s,VAZ.Car,0.3092899727367789,8,0.04647011031717209
Grammica,s,NVZ,13.638854917807294,8,3.0067846622186005
Grammica,s,NVZ.Car,0.2380794823407026,8,0.020878901723246506
Grammica,s,Lut.Chl,0.34005995952144075,8,0.16353117880820656
Grammica,s,Lut.Car,0.44057468197251204,8,0.08106197458325178
Grammica,s,Lut.epo.Car,0.013775850431835397,8,0.006415591469487613
Grammica,s,a.Car.Car,0.010536391197718901,8,0.019100667564501198
Grammica,s,b.Car.Car,0.21983916647417534,8,0.04382457092540547
Grammica,s,Zea.Car,0.0546280770186651,8,0.017239412563159924
Grammica,s,Vio.Car,0.16369161770322257,8,0.03692457561616591
Grammica,s,Neo.Car,0.019759787618814913,8,0.012779039314854555
Grammica,s,Ant.Car,0.09097027801489119,8,0.0308822715191135
Grammica,s,DEPS,32.51098697563125,8,7.194867875502641
Ipomoea_nil,l,a.Tocopherol,14.040580411393801,11,11.539790734956565
Ipomoea_nil,l,Violaxanthin,55.0258011702607,11,15.806092941623268
Ipomoea_nil,l,Neoxanthin,40.2466392817117,11,12.972304051134266
Ipomoea_nil,l,Lutein.epoxide,2.436298297942202,11,4.192461205266605
Ipomoea_nil,l,Antheraxanthin,24.987765935754098,11,7.203924418811789
Ipomoea_nil,l,Lutein,129.10586869192105,11,27.95309570340777
Ipomoea_nil,l,Zeaxanthin,10.315077664790428,11,3.717734442140212
Ipomoea_nil,l,a.Carotene,2.9732879954634135,11,0.9018978696380169
Ipomoea_nil,l,b.Carotene,45.086298682199995,11,10.178062933672944
Ipomoea_nil,l,cis.B.carotene,7.220345963429574,11,1.667744470813231
Ipomoea_nil,l,Chl.b,331.1130817534756,11,82.47182979225649
Ipomoea_nil,l,Chl.a,977.8441603910122,11,259.2799838459922
Ipomoea_nil,l,Car.Chl31,122.17811914595339,11,33.86875679175764
Ipomoea_nil,l,Tot.Chl,1308.9572421444877,11,338.16658925386855
Ipomoea_nil,l,Chl.a.b,2.950956118634344,11,0.2406059909025314
Ipomoea_nil,l,Tot.Car,307.7407394221014,11,73.06688131140893
Ipomoea_nil,l,VAZ,90.32864477080523,11,24.595069301935403
Ipomoea_nil,l,VAZ.Chl,0.0691256177918339,11,0.007426907002992545
Ipomoea_nil,l,VAZ.Car,0.2915183022848107,11,0.02313472900475858
Ipomoea_nil,l,NVZ,105.58751811676282,11,29.88167411623368
Ipomoea_nil,l,NVZ.Car,0.3397192987744376,11,0.021900487336968186
Ipomoea_nil,l,Lut.Chl,0.10003773486670328,11,0.008802963963272613
Ipomoea_nil,l,Lut.Car,0.42193666708101746,11,0.022880081366709274
Ipomoea_nil,l,Lut.epo.Car,0.0066488934473917915,11,0.010756931382828773
Ipomoea_nil,l,a.Car.Car,0.009827309030183017,11,0.0027157085073544183
Ipomoea_nil,l,b.Car.Car,0.14778530163090536,11,0.014707684690926232
Ipomoea_nil,l,Zea.Car,0.03395599425577294,11,0.011469134361341247
Ipomoea_nil,l,Vio.Car,0.17683088454558113,11,0.013854193713068442
Ipomoea_nil,l,Neo.Car,0.12893241997308352,11,0.01610344465336265
Ipomoea_nil,l,Ant.Car,0.0807314234834566,11,0.011854548106705713
Ipomoea_nil,l,DEPS,25.313709530445962,11,4.398771089986974
Ipomoea_nil,y,a.Tocopherol,0,5,0
Ipomoea_nil,y,Violaxanthin,2.889365046959366,5,0.909932016053065
Ipomoea_nil,y,Neoxanthin,2.450084408886386,5,0.8883442421690788
Ipomoea_nil,y,Lutein.epoxide,0,5,0
Ipomoea_nil,y,Antheraxanthin,2.119655125514832,5,0.363045257610117
Ipomoea_nil,y,Lutein,11.029429248743208,5,2.0445275706541737
Ipomoea_nil,y,Zeaxanthin,1.114622231872286,5,0.23550731694334223
Ipomoea_nil,y,a.Carotene,0.030034866946,5,0.059183194938571416
Ipomoea_nil,y,b.Carotene,4.399672268715392,5,1.0380156247606531
Ipomoea_nil,y,cis.B.carotene,0.515612092946662,5,0.05468061363900925
Ipomoea_nil,y,Chl.b,41.868125342548574,5,9.062309531553568
Ipomoea_nil,y,Chl.a,99.83135215172834,5,21.642138548548257
Ipomoea_nil,y,Car.Chl31,72.3849133276431,5,11.931221838987314
Ipomoea_nil,y,Tot.Chl,141.69947749427692,5,30.68143465698382
Ipomoea_nil,y,Chl.a.b,2.383994644485154,5,0.04795215284767595
Ipomoea_nil,y,Tot.Car,24.03286319763747,5,4.938959332403871
Ipomoea_nil,y,VAZ,6.1236424043464845,5,0.9896474168620677
Ipomoea_nil,y,VAZ.Chl,0.04365593074289536,5,0.003289414870238283
Ipomoea_nil,y,VAZ.Car,0.2568650212099485,5,0.015120509542366585
Ipomoea_nil,y,NVZ,6.454071687718038,5,1.6049248003398815
Ipomoea_nil,y,NVZ.Car,0.26681403324260405,5,0.015066341810182245
Ipomoea_nil,y,Lut.Chl,0.07824532254394989,5,0.0029652120292348342
Ipomoea_nil,y,Lut.Car,0.46070179757505114,5,0.013342762732879576
Ipomoea_nil,y,Lut.epo.Car,0,5,0
Ipomoea_nil,y,a.Car.Car,0.001093046648379212,5,0.0020139437390535955
Ipomoea_nil,y,b.Car.Car,0.1820822584578559,5,0.008383438814653674
Ipomoea_nil,y,Zea.Car,0.04794298762403177,5,0.013017026854775187
Ipomoea_nil,y,Vio.Car,0.11961316950980709,5,0.021571706717275728
Ipomoea_nil,y,Neo.Car,0.09925787610876519,5,0.01845852906320562
Ipomoea_nil,y,Ant.Car,0.08930886407610963,5,0.011298268977507015
Ipomoea_nil,y,DEPS,35.98318901409565,5,6.436186428886367
Ipomoea_nil,o,a.Tocopherol,0,8,0
Ipomoea_nil,o,Violaxanthin,3.908424948446815,8,1.0631326513025665
Ipomoea_nil,o,Neoxanthin,3.3234921593151387,8,1.0224661703810305
Ipomoea_nil,o,Lutein.epoxide,0,8,0
Ipomoea_nil,o,Antheraxanthin,1.698717483489635,8,0.34247013459207504
Ipomoea_nil,o,Lutein,14.268818380791695,8,3.6366298653880262
Ipomoea_nil,o,Zeaxanthin,0.8053378519730787,8,0.24644564558692011
Ipomoea_nil,o,a.Carotene,0,8,0
Ipomoea_nil,o,b.Carotene,5.641366157335956,8,1.6754529739237571
Ipomoea_nil,o,cis.B.carotene,3.3038873301926963,8,7.303135024283214
Ipomoea_nil,o,Chl.b,51.02185649877953,8,8.641517876814284
Ipomoea_nil,o,Chl.a,115.46621111803721,8,23.005204057607283
Ipomoea_nil,o,Car.Chl31,90.83165893460799,8,33.07509785849452
Ipomoea_nil,o,Tot.Chl,166.48806761681675,8,31.522116537034414
Ipomoea_nil,o,Chl.a.b,2.2543503070821482,8,0.09879331198559886
Ipomoea_nil,o,Tot.Car,29.64615698135232,8,7.20468689839963
Ipomoea_nil,o,VAZ,6.412480283909529,8,1.10735404972545
Ipomoea_nil,o,VAZ.Chl,0.03907850180259949,8,0.005491928572830351
Ipomoea_nil,o,VAZ.Car,0.22043904198002,8,0.02629046824300073
Ipomoea_nil,o,NVZ,8.037254959735032,8,1.8746562495374886
Ipomoea_nil,o,NVZ.Car,0.27163788060643973,8,0.0053322051608382225
Ipomoea_nil,o,Lut.Chl,0.08534393295864276,8,0.009372179011353772
Ipomoea_nil,o,Lut.Car,0.4804684945176606,8,0.015228118656277729
Ipomoea_nil,o,Lut.epo.Car,0,8,0
Ipomoea_nil,o,a.Car.Car,0,8,0
Ipomoea_nil,o,b.Car.Car,0.18836861309993944,8,0.012570758847088227
Ipomoea_nil,o,Zea.Car,0.02906758695455491,8,0.012140468668628137
Ipomoea_nil,o,Vio.Car,0.1318464432495048,8,0.012594533248640759
Ipomoea_nil,o,Neo.Car,0.11072385040237999,8,0.013374405306949309
Ipomoea_nil,o,Ant.Car,0.0595250117759603,8,0.015006377283087732
Ipomoea_nil,o,DEPS,26.172463700612862,8,6.545343305711692
Monogynella,sdlg,a.Tocopherol,0,9,0
Monogynella,sdlg,Violaxanthin,9.590264390368052,9,2.9013933473908318
Monogynella,sdlg,Neoxanthin,2.092842324390251,9,0.6720239365746313
Monogynella,sdlg,Lutein.epoxide,3.3671221473726978,9,1.7556473474531027
Monogynella,sdlg,Antheraxanthin,1.6806882137817645,9,0.5186845587104848
Monogynella,sdlg,Lutein,13.390780594314704,9,4.379147912735429
Monogynella,sdlg,Zeaxanthin,1.0619475736262922,9,0.45388383394136067
Monogynella,sdlg,a.Carotene,0.7695247273408755,9,0.6238420113044769
Monogynella,sdlg,b.Carotene,7.515142384194886,9,2.705898925373827
Monogynella,sdlg,cis.B.carotene,2.1658352703805224,9,1.2338627714552064
Monogynella,sdlg,Chl.b,15.188771919522415,9,4.561394184498775
Monogynella,sdlg,Chl.a,59.16714224818834,9,19.178258147710103
Monogynella,sdlg,Car.Chl31,362.78371714863596,9,78.31113119395887
Monogynella,sdlg,Tot.Chl,74.35591416771076,9,23.65338773317176
Monogynella,sdlg,Chl.a.b,3.8609982057800556,9,0.3145392331585905
Monogynella,sdlg,Tot.Car,36.101190208016824,9,11.748977011084836
Monogynella,sdlg,VAZ,12.332900177776109,9,3.7223943442718315
Monogynella,sdlg,VAZ.Chl,0.16808670773755408,9,0.021767974421066417
Monogynella,sdlg,VAZ.Car,0.3459043045523705,9,0.02040723264094711
Monogynella,sdlg,NVZ,12.745054288384596,9,3.870121751995016
Monogynella,sdlg,NVZ.Car,0.3571818390390026,9,0.020400069029153246
Monogynella,sdlg,Lut.Chl,0.180023979232212,9,0.029134109088037822
Monogynella,sdlg,Lut.Car,0.36962891417634525,9,0.02919636354394136
Monogynella,sdlg,Lut.epo.Car,0.09343135688598547,9,0.03368443636845269
Monogynella,sdlg,a.Car.Car,0.01877021229271168,9,0.011982984727702336
Monogynella,sdlg,b.Car.Car,0.2071538500465068,9,0.01957090365843608
Monogynella,sdlg,Zea.Car,0.028829474927122792,9,0.007777697837818969
Monogynella,sdlg,Vio.Car,0.269809645179814,9,0.021510636192591085
Monogynella,sdlg,Neo.Car,0.05854271893206577,9,0.00619693400441147
Monogynella,sdlg,Ant.Car,0.04726518444543368,9,0.005222742060761324
Monogynella,sdlg,DEPS,15.22270047455236,9,2.6688468427493452
Monogynella,y,a.Tocopherol,0,9,0
Monogynella,y,Violaxanthin,8.574164034390753,9,4.14893460421522
Monogynella,y,Neoxanthin,0.8831035623334345,9,0.33774926847154657
Monogynella,y,Lutein.epoxide,2.3490900168755067,9,1.2320379388297418
Monogynella,y,Antheraxanthin,2.5708606084200514,9,1.3742835840601912
Monogynella,y,Lutein,15.567768224206528,9,6.80805618389422
Monogynella,y,Zeaxanthin,1.2556376035543455,9,0.9188585300602706
Monogynella,y,a.Carotene,0.56675946052666,9,1.0143520474380172
Monogynella,y,b.Carotene,5.753264823559071,9,2.0950055253855546
Monogynella,y,cis.B.carotene,0.8776094645481212,9,0.2608065014379899
Monogynella,y,Chl.b,17.043962310903922,9,2.5950762720307483
Monogynella,y,Chl.a,69.35227274774687,9,14.981873572564487
Monogynella,y,Car.Chl31,254.10125501890408,9,143.98914891179186
Monogynella,y,Tot.Chl,86.39623505865079,9,17.462988380000564
Monogynella,y,Chl.a.b,4.043935077216964,9,0.32435909565842247
Monogynella,y,Tot.Car,35.17155831699085,9,15.027432822141979
Monogynella,y,VAZ,12.400662246365151,9,6.038010969243096
Monogynella,y,VAZ.Chl,0.13929610679248883,9,0.049766112211024914
Monogynella,y,VAZ.Car,0.3444098850397501,9,0.03232592088353368
Monogynella,y,NVZ,10.712905200278534,9,5.094721735760118
Monogynella,y,NVZ.Car,0.2999573873096386,9,0.025390465450927876
Monogynella,y,Lut.Chl,0.17571858537711252,9,0.053998276108356155
Monogynella,y,Lut.Car,0.441783957281349,9,0.021849040410776507
Monogynella,y,Lut.epo.Car,0.06844502681161847,9,0.021266382291472114
Monogynella,y,a.Car.Car,0.018085519729821316,9,0.03553159363500831
Monogynella,y,b.Car.Car,0.16977550027148133,9,0.021963668279264072
Monogynella,y,Zea.Car,0.032815557672018665,9,0.014882709474994423
Monogynella,y,Vio.Car,0.24119669196002178,9,0.028928168891228803
Monogynella,y,Neo.Car,0.02594513767759818,9,0.0034513635627192985
Monogynella,y,Ant.Car,0.07039763540770969,9,0.013710326173632874
Monogynella,y,DEPS,19.62199108228804,9,5.313839288109311
Monogynella,o,a.Tocopherol,0,7,0
Monogynella,o,Violaxanthin,1.6967749371473713,7,0.4833643144369805
Monogynella,o,Neoxanthin,0,7,0
Monogynella,o,Lutein.epoxide,0.5973578074695857,7,0.18056222482169715
Monogynella,o,Antheraxanthin,0.4599546792070357,7,0.44746346562511313
Monogynella,o,Lutein,4.068530870548376,7,1.2032351906681096
Monogynella,o,Zeaxanthin,0.19243772779622714,7,0.22967344056994562
Monogynella,o,a.Carotene,0.5554154873491157,7,0.4323829116359034
Monogynella,o,b.Carotene,6.21382509776772,7,7.97092435565086
Monogynella,o,cis.B.carotene,1.24832906597053,7,0.6984671570092278
Monogynella,o,Chl.b,4.529177373532788,7,2.485219181143894
Monogynella,o,Chl.a,13.845089645544956,7,11.014391603435548
Monogynella,o,Car.Chl31,470.1973548258744,7,312.9824300905883
Monogynella,o,Tot.Chl,18.37426701907774,7,13.4888964400667
Monogynella,o,Chl.a.b,2.77608369956821,7,0.7798671938807039
Monogynella,o,Tot.Car,13.186938799815845,7,9.3908075673953455
Monogynella,o,VAZ,2.349167344150634,7,1.1227911021772103
Monogynella,o,VAZ.Chl,0.14973266537046614,7,0.04715651366254194
Monogynella,o,VAZ.Car,0.2042197553922278,7,0.06367359672696911
Monogynella,o,NVZ,1.8892126649435985,7,0.6888053623504407
Monogynella,o,NVZ.Car,0.1698247011251296,7,0.04919594900119995
Monogynella,o,Lut.Chl,0.2797466256399912,7,0.10896808412448805
Monogynella,o,Lut.Car,0.3692970263647368,7,0.10264189658003774
Monogynella,o,Lut.epo.Car,0.05652472371379799,7,0.025911502010838125
Monogynella,o,a.Car.Car,0.04308126017117429,7,0.011578248276975562
Monogynella,o,b.Car.Car,0.38340195807186106,7,0.15786421750376575
Monogynella,o,Zea.Car,0.013227647486029977,7,0.015014541561745818
Monogynella,o,Vio.Car,0.15659705363909962,7,0.049532878348882294
Monogynella,o,Neo.Car,0,7,0
Monogynella,o,Ant.Car,0.03439505426709822,7,0.02934834292981903
Monogynella,o,DEPS,14.421805492060882,7,11.268313069368384
Monogynella,h,a.Tocopherol,0,5,0
Monogynella,h,Violaxanthin,1.414081562296822,5,0.484524442151351
Monogynella,h,Neoxanthin,0,5,0
Monogynella,h,Lutein.epoxide,0.923525684284602,5,0.3257887729279084
Monogynella,h,Antheraxanthin,0.337802669951986,5,0.31980184645344467
Monogynella,h,Lutein,2.763756689584016,5,1.0476856288896534
Monogynella,h,Zeaxanthin,0.30840304871881197,5,0.3511113886074325
Monogynella,h,a.Carotene,3.445331335252226,5,5.3058696330933675
Monogynella,h,b.Carotene,10.353580032957533,5,7.744435799576684
Monogynella,h,cis.B.carotene,2.454613493806572,5,2.1199474805669904
Monogynella,h,Chl.b,3.484669346653062,5,1.1969659309524128
Monogynella,h,Chl.a,8.310977205589317,5,3.7421316308576067
Monogynella,h,Car.Chl31,804.2227528768084,5,463.53083080288786
Monogynella,h,Tot.Chl,11.79564655224238,5,4.934795626127309
Monogynella,h,Chl.a.b,2.322499157553864,5,0.23283943854250905
Monogynella,h,Tot.Car,18.622955338761393,5,9.250033016486414
Monogynella,h,VAZ,2.06028728096762,5,1.102486955079295
Monogynella,h,VAZ.Chl,0.17132783241865476,5,0.05606159406812123
Monogynella,h,VAZ.Car,0.11897312181187221,5,0.04810475842051663
Monogynella,h,NVZ,1.722484611015634,5,0.809393612777046
Monogynella,h,NVZ.Car,0.10107403949981233,5,0.03714949544140512
Monogynella,h,Lut.Chl,0.24330846496357825,5,0.05888911403892904
Monogynella,h,Lut.Car,0.16513194010507554,5,0.058218289551787504
Monogynella,h,Lut.epo.Car,0.05933831153898949,5,0.03234011766531532
Monogynella,h,a.Car.Car,0.17197749064328796,5,0.23858354895647496
Monogynella,h,b.Car.Car,0.5439174474397643,5,0.1756339229338326
Monogynella,h,Zea.Car,0.014511480078334518,5,0.013497461497068782
Monogynella,h,Vio.Car,0.08656255942147782,5,0.03607808207551904
Monogynella,h,Neo.Car,0,5,0
Monogynella,h,Ant.Car,0.017899082312059868,5,0.01786458260315809
Monogynella,h,DEPS,17.185463733676574,5,16.0528451565507
Monogynella,f,a.Tocopherol,0,2,0
Monogynella,f,Violaxanthin,2.5725221324150604,2,0.3280711487734118
Monogynella,f,Neoxanthin,0,2,0
Monogynella,f,Lutein.epoxide,1.25315431571489,2,0.42126476613843145
Monogynella,f,Antheraxanthin,0.87320877636947,2,0.12339878810302378
Monogynella,f,Lutein,5.052470420303376,2,0.5080584771264806
Monogynella,f,Zeaxanthin,0.288952711415955,2,0.04937180876327194
Monogynella,f,a.Carotene,0.36877886865235,2,0.5215320775647596
Monogynella,f,b.Carotene,3.23729177764295,2,0.8495452332752829
Monogynella,f,cis.B.carotene,1.8324566221784901,2,1.9123606015032175
Monogynella,f,Chl.b,12.893282552624466,2,1.3852145399847708
Monogynella,f,Chl.a,40.01032566602939,2,9.112802723934184
Monogynella,f,Car.Chl31,97.8679716117847,2,2.5613159501210596
Monogynella,f,Tot.Chl,52.90360821865386,2,10.49801726391895
Monogynella,f,Chl.a.b,3.083017222287698,2,0.375556994181607
Monogynella,f,Tot.Car,12.39322468679916,2,1.0183193856206787
Monogynella,f,VAZ,3.734683620200485,2,0.1553005519071162
Monogynella,f,VAZ.Chl,0.07171482154511599,2,0.011295314306022645
Monogynella,f,VAZ.Car,0.30185297334300787,2,0.01227139717859739
Monogynella,f,NVZ,2.861474843831015,2,0.2786993400101398
Monogynella,f,NVZ.Car,0.23074530250412081,2,0.0035282927917753624
Monogynella,f,Lut.Chl,0.09839338888990429,2,0.029128334044422152
Monogynella,f,Lut.Car,0.41075085711662007,2,0.07474519836434046
Monogynella,f,Lut.epo.Car,0.10005735065834673,2,0.025770082796076288
Monogynella,f,a.Car.Car,0.028122538493612025,2,0.03977127534602556
Monogynella,f,b.Car.Car,0.2592736310467601,2,0.04724532019691223
Monogynella,f,Zea.Car,0.023558573379703365,2,0.005919521560158092
Monogynella,f,Vio.Car,0.20718672912441743,2,0.009447814351933452
Monogynella,f,Neo.Car,0,2,0
Monogynella,f,Ant.Car,0.07110767083888704,2,0.015799689970372753
Monogynella,f,DEPS,19.506238718910105,2,3.7851800467634305
