Subgenus,Species,Accession.,Tissue.edit,Metric,mean,n,sd
C_purpurata,C_purpurata,1432,y,Fo,0.00994375,16,0.004431247943111887
C_purpurata,C_purpurata,1432,y,Fm,0.00849375,16,0.0037444125039851044
C_purpurata,C_purpurata,1432,y,Ft,0.00874375,16,0.003783819719102202
C_purpurata,C_purpurata,1432,y,Fo.,0.008236889125,16,0.0036653083766321377
C_purpurata,C_purpurata,1432,y,Fv.Fm,0,16,0
C_purpurata,C_purpurata,1432,y,φPSII,0,16,0
C_purpurata,C_purpurata,1432,y,ΦNPQ,0,16,0
C_purpurata,C_purpurata,1432,y,Φf.D,1,15,0
C_purpurata,C_purpurata,1432,y,NPQ,0,16,0
C_purpurata,C_purpurata,1432,o,Fo,0.010525,4,0.0022066188313042802
C_purpurata,C_purpurata,1432,o,Fm,0.0087,4,0.002289104628451919
C_purpurata,C_purpurata,1432,o,Ft,0.010025,4,0.00220661883130428
C_purpurata,C_purpurata,1432,o,Fo.,0.0095436475,4,0.0019255767661570044
C_purpurata,C_purpurata,1432,o,Fv.Fm,0,4,0
C_purpurata,C_purpurata,1432,o,φPSII,0,4,0
C_purpurata,C_purpurata,1432,o,ΦNPQ,0,4,0
C_purpurata,C_purpurata,1432,o,Φf.D,1,4,0
C_purpurata,C_purpurata,1432,o,NPQ,0,4,0
C_purpurata,C_purpurata,1432,h,Fo,0.00737,10,0.005303258956109494
C_purpurata,C_purpurata,1432,h,Fm,0.00594,10,0.0043300500382020225
C_purpurata,C_purpurata,1432,h,Ft,0.00683,10,0.004879674397152152
C_purpurata,C_purpurata,1432,h,Fo.,0.0068757372999999995,10,0.005247897974069111
C_purpurata,C_purpurata,1432,h,Fv.Fm,0,10,0
C_purpurata,C_purpurata,1432,h,φPSII,0,10,0
C_purpurata,C_purpurata,1432,h,ΦNPQ,0,10,0
C_purpurata,C_purpurata,1432,h,Φf.D,1,10,0
C_purpurata,C_purpurata,1432,h,NPQ,0,10,0
C_purpurata,C_purpurata,1432,f,Fo,0.03491428571428571,14,0.015222294234386672
C_purpurata,C_purpurata,1432,f,Fm,0.0332,14,0.015289161570814194
C_purpurata,C_purpurata,1432,f,Ft,0.03623571428571429,14,0.013579770426452902
C_purpurata,C_purpurata,1432,f,Fo.,0.035145836,13,0.013113028005305533
C_purpurata,C_purpurata,1432,f,Fv.Fm,0,18,0
C_purpurata,C_purpurata,1432,f,φPSII,0,18,0
C_purpurata,C_purpurata,1432,f,ΦNPQ,0,18,0
C_purpurata,C_purpurata,1432,f,Φf.D,1,18,0
C_purpurata,C_purpurata,1432,f,NPQ,0,18,0
Cuscuta,C_epithymum,CUEP,sdlg,Fo,0.0603,1,NA
Cuscuta,C_epithymum,CUEP,sdlg,Fm,0.108075,4,0.045307201414344724
Cuscuta,C_epithymum,CUEP,sdlg,Ft,0.06470000000000001,2,0.0028284271247461827
Cuscuta,C_epithymum,CUEP,sdlg,Fo.,0.051775946,1,NA
Cuscuta,C_epithymum,CUEP,sdlg,Fv.Fm,0.5100969488,5,0.061372379143022945
Cuscuta,C_epithymum,CUEP,sdlg,φPSII,0.32223823620000003,5,0.047539959342264
Cuscuta,C_epithymum,CUEP,sdlg,ΦNPQ,0.228918849,3,0.04357212244250069
Cuscuta,C_epithymum,CUEP,sdlg,Φf.D,0.4622869412,5,0.05857091301542123
Cuscuta,C_epithymum,CUEP,sdlg,NPQ,0.4938642224,5,0.27664854699352176
Cuscuta,C_epithymum,CUEP,sdlg,X1.qP,0.2103288526,5,0.10236411089207031
Cuscuta,C_epithymum,CUEP,y,Fo,0.02007142857142857,14,0.009875332794503576
Cuscuta,C_epithymum,CUEP,y,Fm,0.04097142857142857,14,0.030902363080451366
Cuscuta,C_epithymum,CUEP,y,Ft,0.018776923076923076,13,0.008414090745702894
Cuscuta,C_epithymum,CUEP,y,Fo.,0.018813739142857142,14,0.009380152485542652
Cuscuta,C_epithymum,CUEP,y,Fv.Fm,0.34768004964285715,14,0.24443501951195287
Cuscuta,C_epithymum,CUEP,y,φPSII,0.27174283085714285,14,0.19457783369015705
Cuscuta,C_epithymum,CUEP,y,ΦNPQ,0.05436832528571429,14,0.063165071145022
Cuscuta,C_epithymum,CUEP,y,Φf.D,0.6738888438571429,14,0.2322492179131477
Cuscuta,C_epithymum,CUEP,y,NPQ,0.11281956278571428,14,0.15544656889831907
Cuscuta,C_epithymum,CUEP,y,X1.qP,0.15818468130000002,10,0.10831705807523437
Cuscuta,C_epithymum,CUEP,o,Fo,0.01475625,16,0.012361389822076373
Cuscuta,C_epithymum,CUEP,o,Fm,0.0367875,16,0.03655167802805593
Cuscuta,C_epithymum,CUEP,o,Ft,0.015956249999999998,16,0.013527895561887418
Cuscuta,C_epithymum,CUEP,o,Fo.,0.010784964733333333,15,0.007259110338732274
Cuscuta,C_epithymum,CUEP,o,Fv.Fm,0.426864205375,16,0.277500268784617
Cuscuta,C_epithymum,CUEP,o,φPSII,0.276374582125,16,0.20466160323043098
Cuscuta,C_epithymum,CUEP,o,ΦNPQ,0.1328848330625,16,0.07687408865539534
Cuscuta,C_epithymum,CUEP,o,Φf.D,0.49629610446153843,13,0.18209516106348492
Cuscuta,C_epithymum,CUEP,o,NPQ,0.310900320875,16,0.24364250839961177
Cuscuta,C_epithymum,CUEP,o,X1.qP,0.29980074041666666,12,0.23546116013337234
Cuscuta,C_epithymum,CUEP,h,Fo,0.04049230769230769,13,0.017962482268071116
Cuscuta,C_epithymum,CUEP,h,Fm,0.0909076923076923,13,0.04746227381718491
Cuscuta,C_epithymum,CUEP,h,Ft,0.04193333333333333,12,0.01846753088449284
Cuscuta,C_epithymum,CUEP,h,Fo.,0.029440881727272727,11,0.010311107392503098
Cuscuta,C_epithymum,CUEP,h,Fv.Fm,0.5262527651538461,13,0.09641748597378859
Cuscuta,C_epithymum,CUEP,h,φPSII,0.2781964860769231,13,0.10054071737420482
Cuscuta,C_epithymum,CUEP,h,ΦNPQ,0.20646144923076923,13,0.06850793270049174
Cuscuta,C_epithymum,CUEP,h,Φf.D,0.5153420648461539,13,0.10134533264809285
Cuscuta,C_epithymum,CUEP,h,NPQ,0.42235803976923075,13,0.16480852945591065
Cuscuta,C_epithymum,CUEP,h,X1.qP,0.38719856907692307,13,0.14018425543674637
Cuscuta,C_epithymum,CUEP,f,Fo,0.01825625,16,0.010265084428943258
Cuscuta,C_epithymum,CUEP,f,Fm,0.03320666666666667,15,0.01496206950289711
Cuscuta,C_epithymum,CUEP,f,Ft,0.02285,16,0.010166677595622542
Cuscuta,C_epithymum,CUEP,f,Fo.,0.014584789062499999,16,0.00800289394087026
Cuscuta,C_epithymum,CUEP,f,Fv.Fm,0.4798288683571429,14,0.1784477225246672
Cuscuta,C_epithymum,CUEP,f,φPSII,0.061609797875000004,16,0.08851946146252346
Cuscuta,C_epithymum,CUEP,f,ΦNPQ,0.25751478866666666,15,0.06276943409324631
Cuscuta,C_epithymum,CUEP,f,Φf.D,0.679035667,15,0.10475999698855414
Cuscuta,C_epithymum,CUEP,f,NPQ,0.3948061462,15,0.13389306432839893
Cuscuta,C_epithymum,CUEP,f,X1.qP,0.8618896756666666,15,0.1950542278597477
Cuscuta,C_epithymum,CUEP,s,Fo,0.04388333333333334,6,0.010887684173719712
Cuscuta,C_epithymum,CUEP,s,Fm,0.12153333333333333,6,0.04652133560708104
Cuscuta,C_epithymum,CUEP,s,Ft,0.05138333333333333,6,0.012965094163432313
Cuscuta,C_epithymum,CUEP,s,Fo.,0.0343573125,6,0.00870261818131865
Cuscuta,C_epithymum,CUEP,s,Fv.Fm,0.6182493788333334,6,0.06736388978222492
Cuscuta,C_epithymum,CUEP,s,φPSII,0.1907942298,5,0.06163530938063505
Cuscuta,C_epithymum,CUEP,s,ΦNPQ,0.32608985716666666,6,0.039823559422824555
Cuscuta,C_epithymum,CUEP,s,Φf.D,0.44774067083333335,6,0.084753383109032715
Cuscuta,C_epithymum,CUEP,s,NPQ,0.7454068391666666,6,0.12475212815784882
Cuscuta,C_epithymum,CUEP,s,X1.qP,0.5468418401666667,6,0.15114796895385105
Grammica,C_australis,1382,sdlg,Fo,0.07680000000000001,6,0.017738545599907566
Grammica,C_australis,1382,sdlg,Fm,0.22123333333333334,3,0.047199187846120115
Grammica,C_australis,1382,sdlg,Ft,0.05586666666666667,6,0.021992241056033073
Grammica,C_australis,1382,sdlg,Fo.,0.03943192933333333,6,0.012378245828067605
Grammica,C_australis,1382,sdlg,Fv.Fm,0.7295082936666667,6,0.022563233536101828
Grammica,C_australis,1382,sdlg,φPSII,0.17506974079999998,5,0.11195660537525078
Grammica,C_australis,1382,sdlg,ΦNPQ,0.4293254985,2,0.1140491403076
Grammica,C_australis,1382,sdlg,Φf.D,0.2951286156666667,3,0.0746000686627548
Grammica,C_australis,1382,sdlg,NPQ,1.2855693344999999,2,0.12125280761150081
Grammica,C_australis,1382,sdlg,X1.qP,0.49052650600000003,4,0.2231322001865581
Grammica,C_australis,1382,y,Fo,0.05001111111111111,9,0.02206181341393112
Grammica,C_australis,1382,y,Fm,0.11176666666666667,9,0.06138637878226732
Grammica,C_australis,1382,y,Ft,0.044922222222222224,9,0.016260979196974716
Grammica,C_australis,1382,y,Fo.,0.03712026377777778,9,0.013066735129449713
Grammica,C_australis,1382,y,Fv.Fm,0.530119343,9,0.06296585023578934
Grammica,C_australis,1382,y,φPSII,0.28525630366666666,9,0.046793484029907816
Grammica,C_australis,1382,y,ΦNPQ,0.2643509571111111,9,0.12583531107665308
Grammica,C_australis,1382,y,Φf.D,0.4503927391111111,9,0.11689617593713506
Grammica,C_australis,1382,y,NPQ,0.7370627975555556,9,0.6804054872616248
Grammica,C_australis,1382,y,X1.qP,0.29722531566666666,9,0.09889994954370256
Grammica,C_australis,1382,o,Fo,0.026477777777777777,9,0.017191115276340985
Grammica,C_australis,1382,o,Fm,0.05121111111111111,9,0.0389277036454902
Grammica,C_australis,1382,o,Ft,0.024066666666666667,9,0.014646757320308137
Grammica,C_australis,1382,o,Fo.,0.019259464444444443,9,0.011954158614808459
Grammica,C_australis,1382,o,Fv.Fm,0.4546080341111111,9,0.06436891808313334
Grammica,C_australis,1382,o,φPSII,0.16445921144444445,9,0.04580009665250041
Grammica,C_australis,1382,o,ΦNPQ,0.3184605868888889,9,0.11105811981988373
Grammica,C_australis,1382,o,Φf.D,0.5170802016666667,9,0.11099380830729495
Grammica,C_australis,1382,o,NPQ,0.6881447995555556,9,0.3966608900973931
Grammica,C_australis,1382,o,X1.qP,0.5155991042222222,9,0.09243915648443328
Grammica,C_australis,1382,h,Fo,0.04863,10,0.03945498278629287
Grammica,C_australis,1382,h,Fm,0.11198,10,0.11303124248533136
Grammica,C_australis,1382,h,Ft,0.05225,10,0.06047839375439059
Grammica,C_australis,1382,h,Fo.,0.0331085975,10,0.033255630624711034
Grammica,C_australis,1382,h,Fv.Fm,0.5427885394285714,7,0.06919184923726067
Grammica,C_australis,1382,h,φPSII,0.0814092375,10,0.07746145046883159
Grammica,C_australis,1382,h,ΦNPQ,0.3014848155,8,0.22266141672097023
Grammica,C_australis,1382,h,Φf.D,0.393966137875,8,0.20119650234566555
Grammica,C_australis,1382,h,NPQ,1.0806055112222221,9,1.08682542762808
Grammica,C_australis,1382,h,X1.qP,0.698796888125,8,0.2617922257856863
Grammica,C_australis,1382,s,Fo,0.15,2,0.024324473272817223
Grammica,C_australis,1382,s,Fm,0.43899999999999995,2,0.11681404025201762
Grammica,C_australis,1382,s,Ft,0.22304999999999997,2,0.08039804102091044
Grammica,C_australis,1382,s,Fo.,0.1269613275,2,0.024186192177795187
Grammica,C_australis,1382,s,Fv.Fm,0.6534164069999999,2,0.03681402398138287
Grammica,C_australis,1382,s,φPSII,0.2334308105,2,0.055010696453408614
Grammica,C_australis,1382,s,ΦNPQ,0.2650951575,2,0.005309481679273448
Grammica,C_australis,1382,s,Φf.D,0.501474032,2,0.04970121477413521
Grammica,C_australis,1382,s,NPQ,0.5307137545,2,0.04201142075055684
Grammica,C_australis,1382,s,X1.qP,0.5714980295000001,2,0.13606356926538607
Grammica,C_californica,ss17-105,sdlg,Fo,0.050975,4,0.011278408575681232
Grammica,C_californica,ss17-105,sdlg,Fm,0.219475,4,0.026546735518075775
Grammica,C_californica,ss17-105,sdlg,Ft,0.050225,4,0.011387822443294419
Grammica,C_californica,ss17-105,sdlg,Fo.,0.036225587749999996,4,9.72562920371863e-4
Grammica,C_californica,ss17-105,sdlg,Fv.Fm,0.7696648887499999,4,0.02201172679329833
Grammica,C_californica,ss17-105,sdlg,φPSII,0.3434763855,2,0.14574639961317437
Grammica,C_californica,ss17-105,sdlg,ΦNPQ,0.257944082,3,0.05084027608213059
Grammica,C_californica,ss17-105,sdlg,Φf.D,0.23390543000000003,4,0.0718710571248028
Grammica,C_californica,ss17-105,sdlg,NPQ,1.107478405,3,0.5356199422127664
Grammica,C_californica,ss17-105,sdlg,X1.qP,0.2579319775,4,0.14289229517728874
Grammica,C_californica,ss17-105,y,Fo,0.020495652173913043,23,0.014109071171698838
Grammica,C_californica,ss17-105,y,Fm,0.06809130434782609,23,0.06581525737066443
Grammica,C_californica,ss17-105,y,Ft,0.024256521739130434,23,0.01786580853542615
Grammica,C_californica,ss17-105,y,Fo.,0.017920678260869564,23,0.011907532413694627
Grammica,C_californica,ss17-105,y,Fv.Fm,0.6201917300454546,22,0.11954641334870464
Grammica,C_californica,ss17-105,y,φPSII,0.4092202505652174,23,0.11479727107847064
Grammica,C_californica,ss17-105,y,ΦNPQ,0.14919292926086958,23,0.07097737564839582
Grammica,C_californica,ss17-105,y,Φf.D,0.4415868202173913,23,0.11888161526700272
Grammica,C_californica,ss17-105,y,NPQ,0.3873015714347826,23,0.28461442273152116
Grammica,C_californica,ss17-105,y,X1.qP,0.23063939147826087,23,0.09174200087668224
Grammica,C_californica,ss17-105,o,Fo,0.0269,19,0.021500594307031506
Grammica,C_californica,ss17-105,o,Fm,0.10640526315789474,19,0.10226339343786173
Grammica,C_californica,ss17-105,o,Ft,0.033299999999999996,19,0.029079240399677263
Grammica,C_californica,ss17-105,o,Fo.,0.02040524752631579,19,0.014835863255297057
Grammica,C_californica,ss17-105,o,Fv.Fm,0.6775593820526316,19,0.09163268008053446
Grammica,C_californica,ss17-105,o,φPSII,0.2928727628235294,17,0.10212069806162889
Grammica,C_californica,ss17-105,o,ΦNPQ,0.25459189547058825,17,0.10104230615473789
Grammica,C_californica,ss17-105,o,Φf.D,0.42239226870588237,17,0.10480111790207886
Grammica,C_californica,ss17-105,o,NPQ,0.6746448209411765,17,0.46539920707120774
Grammica,C_californica,ss17-105,o,X1.qP,0.4301173523684211,19,0.1894577638030941
Grammica,C_californica,ss17-105,h,Fo,0.05131818181818182,22,0.01989648536476053
Grammica,C_californica,ss17-105,h,Fm,0.18199545454545454,22,0.09107988893730146
Grammica,C_californica,ss17-105,h,Ft,0.06710909090909091,22,0.03023362853466805
Grammica,C_californica,ss17-105,h,Fo.,0.04272513781818182,22,0.016092444560437985
Grammica,C_californica,ss17-105,h,Fv.Fm,0.701305758909091,22,0.05154270045889028
Grammica,C_californica,ss17-105,h,φPSII,0.3385121782631579,19,0.07165103672288077
Grammica,C_californica,ss17-105,h,ΦNPQ,0.25058787354545453,22,0.06243404272719215
Grammica,C_californica,ss17-105,h,Φf.D,0.3836524135,22,0.07496225051206948
Grammica,C_californica,ss17-105,h,NPQ,0.6753335175454546,22,0.20264131796620902
Grammica,C_californica,ss17-105,h,X1.qP,0.3817524765,22,0.13275396924664665
Grammica,C_californica,ss17-105,f,Fo,0.06663095238095237,42,0.020170414074800167
Grammica,C_californica,ss17-105,f,Fm,0.21570238095238095,42,0.08192634552910177
Grammica,C_californica,ss17-105,f,Ft,0.0765390243902439,41,0.028716091987322896
Grammica,C_californica,ss17-105,f,Fo.,0.053615143119047616,42,0.016591446111329636
Grammica,C_californica,ss17-105,f,Fv.Fm,0.6762554320714286,42,0.060170306336639966
Grammica,C_californica,ss17-105,f,φPSII,0.3376423552380952,42,0.1068634279099138
Grammica,C_californica,ss17-105,f,ΦNPQ,0.2747575699285714,42,0.07289821378517237
Grammica,C_californica,ss17-105,f,Φf.D,0.3740832735121951,41,0.0999504082514837
Grammica,C_californica,ss17-105,f,NPQ,0.7924152288333334,42,0.3090067042361173
Grammica,C_californica,ss17-105,f,X1.qP,0.385280474275,40,0.18081314229494516
Grammica,C_cephalanthii,1567,sdlg,Fo,0.014616666666666667,6,0.004786822188745542
Grammica,C_cephalanthii,1567,sdlg,Fm,0.0518,6,0.017025157855362162
Grammica,C_cephalanthii,1567,sdlg,Ft,0.021166666666666667,6,0.00653656382716995
Grammica,C_cephalanthii,1567,sdlg,Fo.,0.012268261666666667,6,0.00426064342094523
Grammica,C_cephalanthii,1567,sdlg,Fv.Fm,0.7184136178333334,6,0.031767548061961234
Grammica,C_cephalanthii,1567,sdlg,φPSII,0.28368539816666666,6,0.11712338934493571
Grammica,C_cephalanthii,1567,sdlg,ΦNPQ,0.3041246008333333,6,0.10494920641993137
Grammica,C_cephalanthii,1567,sdlg,Φf.D,0.41219000100000003,6,0.030954276116899423
Grammica,C_cephalanthii,1567,sdlg,NPQ,0.7366913235,6,0.24409510340432725
Grammica,C_cephalanthii,1567,sdlg,X1.qP,0.52833346383333335,6,0.1834592639699851
Grammica,C_cephalanthii,1567,y,Fo,0.049715,20,0.02312140213832425
Grammica,C_cephalanthii,1567,y,Fm,0.12632,20,0.07445042575255592
Grammica,C_cephalanthii,1567,y,Ft,0.047795000000000004,20,0.01970304478206885
Grammica,C_cephalanthii,1567,y,Fo.,0.03672164735,20,0.013628375467757685
Grammica,C_cephalanthii,1567,y,Fv.Fm,0.57554899265,20,0.07562243624365733
Grammica,C_cephalanthii,1567,y,φPSII,0.2788486021,20,0.05509091904776005
Grammica,C_cephalanthii,1567,y,ΦNPQ,0.28006721363157894,19,0.13395209266962982
Grammica,C_cephalanthii,1567,y,Φf.D,0.4282628138,20,0.13443011020609547
Grammica,C_cephalanthii,1567,y,NPQ,0.8159203590499999,20,0.5119433246608912
Grammica,C_cephalanthii,1567,y,X1.qP,0.3675530755,20,0.07088550214843901
Grammica,C_cephalanthii,1567,o,Fo,0.0178,33,0.011447434210337266
Grammica,C_cephalanthii,1567,o,Fm,0.03461212121212121,33,0.025346791680306374
Grammica,C_cephalanthii,1567,o,Ft,0.017875757575757576,33,0.010981462513681588
Grammica,C_cephalanthii,1567,o,Fo.,0.013840379515151515,33,0.008503933688655938
Grammica,C_cephalanthii,1567,o,Fv.Fm,0.45147535093333335,30,0.10071220862030722
Grammica,C_cephalanthii,1567,o,φPSII,0.14982259775757575,33,0.10973501358605152
Grammica,C_cephalanthii,1567,o,ΦNPQ,0.2490059483030303,33,0.10047735587792476
Grammica,C_cephalanthii,1567,o,Φf.D,0.5648728288333333,30,0.11637322485489508
Grammica,C_cephalanthii,1567,o,NPQ,0.4707468340909091,33,0.2598953178419487
Grammica,C_cephalanthii,1567,o,X1.qP,0.5596390218275862,29,0.21752967097267478
Grammica,C_cephalanthii,1567,h,Fo,0.09699285714285714,14,0.03692048554322184
Grammica,C_cephalanthii,1567,h,Fm,0.21190714285714285,14,0.10120069522629632
Grammica,C_cephalanthii,1567,h,Ft,0.08736923076923077,13,0.04044385788998919
Grammica,C_cephalanthii,1567,h,Fo.,0.06279859461538462,13,0.024204697706352765
Grammica,C_cephalanthii,1567,h,Fv.Fm,0.5617937261052631,19,0.09983394898849841
Grammica,C_cephalanthii,1567,h,φPSII,0.12763308568421053,19,0.03970079207034418
Grammica,C_cephalanthii,1567,h,ΦNPQ,0.4434253631578947,19,0.07155679322346298
Grammica,C_cephalanthii,1567,h,Φf.D,0.4289415513157895,19,0.08664428047998292
Grammica,C_cephalanthii,1567,h,NPQ,1.112798758,19,0.43359781373666173
Grammica,C_cephalanthii,1567,h,X1.qP,0.6576926066666666,18,0.10569373328391087
Grammica,C_cephalanthii,1567,f,Fo,0.07418823529411765,17,0.03676407693579667
Grammica,C_cephalanthii,1567,f,Fm,0.18215333333333333,15,0.12004348537489395
Grammica,C_cephalanthii,1567,f,Ft,0.093475,16,0.052672060905189576
Grammica,C_cephalanthii,1567,f,Fo.,0.05852986952941176,17,0.030725029580241228
Grammica,C_cephalanthii,1567,f,Fv.Fm,0.62828996425,20,0.07608977415620576
Grammica,C_cephalanthii,1567,f,φPSII,0.13585682065,20,0.08201535924328288
Grammica,C_cephalanthii,1567,f,ΦNPQ,0.36917433985,20,0.0393194991492264
Grammica,C_cephalanthii,1567,f,Φf.D,0.49496883965,20,0.08536468568754177
Grammica,C_cephalanthii,1567,f,NPQ,0.77029108395,20,0.16884132331777077
Grammica,C_cephalanthii,1567,f,X1.qP,0.73309030245,20,0.15170491001779104
Grammica,C_cephalanthii,1567,s,Fo,0.1628888888888889,27,0.03394277235099978
Grammica,C_cephalanthii,1567,s,Fm,0.45741785714285715,28,0.09768266480110738
Grammica,C_cephalanthii,1567,s,Ft,0.20457241379310345,29,0.04743701008820407
Grammica,C_cephalanthii,1567,s,Fo.,0.12378629457142856,28,0.027045495282062074
Grammica,C_cephalanthii,1567,s,Fv.Fm,0.6242851955121951,41,0.06817713041923931
Grammica,C_cephalanthii,1567,s,φPSII,0.16105315955,40,0.07874266083233994
Grammica,C_cephalanthii,1567,s,ΦNPQ,0.37275045305128207,39,0.07497585518072787
Grammica,C_cephalanthii,1567,s,Φf.D,0.467821839375,40,0.12106892619945497
Grammica,C_cephalanthii,1567,s,NPQ,0.9189708446097561,41,0.41045555241996595
Grammica,C_cephalanthii,1567,s,X1.qP,0.647280575025,40,0.18397917299030836
Grammica,C_compacta,1566,sdlg,Fo,0.084425,4,0.013487370635771332
Grammica,C_compacta,1566,sdlg,Fm,0.18985,6,0.0624533986264959
Grammica,C_compacta,1566,sdlg,Ft,0.06392,5,0.019512483183849256
Grammica,C_compacta,1566,sdlg,Fo.,0.0478490824,5,0.008106199829185548
Grammica,C_compacta,1566,sdlg,Fv.Fm,0.5223626435,6,0.06410058583910007
Grammica,C_compacta,1566,sdlg,φPSII,0.099773243,1,NA
Grammica,C_compacta,1566,sdlg,ΦNPQ,0.41719179733333334,3,0.0309092717141869
Grammica,C_compacta,1566,sdlg,Φf.D,0.45995545783333336,6,0.0974942480453317
Grammica,C_compacta,1566,sdlg,NPQ,1.1358651991428572,7,0.4141047720988233
Grammica,C_compacta,1566,sdlg,X1.qP,0.9467157665,8,0.5721142023334076
Grammica,C_compacta,1566,y,Fo,0.0381375,8,0.01035014665182507
Grammica,C_compacta,1566,y,Fm,0.0848,8,0.027089586823827977
Grammica,C_compacta,1566,y,Ft,0.0473,8,0.011990234121388717
Grammica,C_compacta,1566,y,Fo.,0.03296179125,8,0.008951768713153807
Grammica,C_compacta,1566,y,Fv.Fm,0.53980482125,8,0.04572603602947287
Grammica,C_compacta,1566,y,φPSII,0.23110582575,8,0.09601676872313523
Grammica,C_compacta,1566,y,ΦNPQ,0.193395780875,8,0.13844866909779005
Grammica,C_compacta,1566,y,Φf.D,0.576683227375,8,0.08528692008570701
Grammica,C_compacta,1566,y,NPQ,0.361466081125,8,0.27532890827337925
Grammica,C_compacta,1566,y,X1.qP,0.51484853475,8,0.20875330547738782
Grammica,C_compacta,1566,o,Fo,0.02807142857142857,7,0.014492378949608226
Grammica,C_compacta,1566,o,Fm,0.05204285714285714,7,0.03869025963309358
Grammica,C_compacta,1566,o,Ft,0.032285714285714286,7,0.019407767222723707
Grammica,C_compacta,1566,o,Fo.,0.024412352285714287,7,0.012806567854997317
Grammica,C_compacta,1566,o,Fv.Fm,0.43193847916666667,6,0.0937533398853546
Grammica,C_compacta,1566,o,φPSII,0.1702626062857143,7,0.09726938110978285
Grammica,C_compacta,1566,o,ΦNPQ,0.13799143657142857,7,0.09339674076310615
Grammica,C_compacta,1566,o,Φf.D,0.6403702833333333,6,0.0726976160458642
Grammica,C_compacta,1566,o,NPQ,0.22477531671428572,7,0.16467793804630837
Grammica,C_compacta,1566,o,X1.qP,0.48544841666666666,6,0.06639855839312679
Grammica,C_compacta,1566,h,Fo,0.08452,5,0.058013636328022054
Grammica,C_compacta,1566,h,Fm,0.20598,5,0.17772255624990319
Grammica,C_compacta,1566,h,Ft,0.08372,5,0.05826741799668147
Grammica,C_compacta,1566,h,Fo.,0.058665624799999996,5,0.03778184448332828
Grammica,C_compacta,1566,h,Fv.Fm,0.6247467325,4,0.05093930254850997
Grammica,C_compacta,1566,h,φPSII,0.090313805,6,0.07405004038943379
Grammica,C_compacta,1566,h,ΦNPQ,0.3213881688333333,6,0.2499406408659934
Grammica,C_compacta,1566,h,Φf.D,0.38244703950000003,4,0.044832005047823656
Grammica,C_compacta,1566,h,NPQ,0.8514698015,6,0.6765356389974684
Grammica,C_compacta,1566,h,X1.qP,0.6691064443333333,3,0.06827651616790846
Grammica,C_compacta,1566,f,Fo,0.01997777777777778,9,0.005971971570967536
Grammica,C_compacta,1566,f,Fm,0.03383333333333333,9,0.015688769868922165
Grammica,C_compacta,1566,f,Ft,0.024055555555555556,9,0.008860743635710142
Grammica,C_compacta,1566,f,Fo.,0.01624564211111111,9,0.005136951723160353
Grammica,C_compacta,1566,f,Fv.Fm,0.466706255,5,0.059762688892259545
Grammica,C_compacta,1566,f,φPSII,0.02073924822222222,9,0.027952972567153796
Grammica,C_compacta,1566,f,ΦNPQ,0.14348169033333333,9,0.14794728674298924
Grammica,C_compacta,1566,f,Φf.D,0.7044023106,5,0.09590298270079166
Grammica,C_compacta,1566,f,NPQ,0.21524454366666668,9,0.24517973546923852
Grammica,C_compacta,1566,f,X1.qP,0.9055747694,5,0.06722658876704932
Grammica,C_compacta,1566,s,Fo,0.10456666666666667,3,0.012633421283774765
Grammica,C_compacta,1566,s,Fm,0.2838,1,NA
Grammica,C_compacta,1566,s,Ft,0.1309,1,NA
Grammica,C_compacta,1566,s,Fo.,0.082676798,2,0.01061536842767136
Grammica,C_compacta,1566,s,Fv.Fm,0.5495745683333333,3,0.03471681370186171
Grammica,C_compacta,1566,s,φPSII,0.15522975125,4,0.024961525069509966
Grammica,C_compacta,1566,s,ΦNPQ,0.30571697400000003,4,0.0892736019932876
Grammica,C_compacta,1566,s,Φf.D,0.53905327475,4,0.1022368506124217
Grammica,C_compacta,1566,s,NPQ,0.6005184715,4,0.23561787569684134
Grammica,C_compacta,1566,s,X1.qP,0.5851789495,4,0.0725758988533079
Grammica,C_costaricensis,CUCO,sdlg,Fo,0.0735,1,NA
Grammica,C_costaricensis,CUCO,sdlg,Fm,0.2686,1,NA
Grammica,C_costaricensis,CUCO,sdlg,Ft,0.0691,1,NA
Grammica,C_costaricensis,CUCO,sdlg,Fo.,0.050041424,1,NA
Grammica,C_costaricensis,CUCO,sdlg,Fv.Fm,0.726358898,1,NA
Grammica,C_costaricensis,CUCO,sdlg,φPSII,0.302020202,1,NA
Grammica,C_costaricensis,CUCO,sdlg,ΦNPQ,0.440719932,1,NA
Grammica,C_costaricensis,CUCO,sdlg,Φf.D,0.257259866,1,NA
Grammica,C_costaricensis,CUCO,sdlg,NPQ,1.713131313,1,NA
Grammica,C_costaricensis,CUCO,sdlg,X1.qP,0.389279622,1,NA
Grammica,C_costaricensis,CUCO,y,Fo,0.016535714285714286,14,0.008685939756327431
Grammica,C_costaricensis,CUCO,y,Fm,0.037578571428571426,14,0.02462075980116806
Grammica,C_costaricensis,CUCO,y,Ft,0.015764285714285713,14,0.008991500870938507
Grammica,C_costaricensis,CUCO,y,Fo.,0.013108439214285714,14,0.007338118219441435
Grammica,C_costaricensis,CUCO,y,Fv.Fm,0.4998154247857143,14,0.10776209424605568
Grammica,C_costaricensis,CUCO,y,φPSII,0.308470655,14,0.12693897850353114
Grammica,C_costaricensis,CUCO,y,ΦNPQ,0.14420823946153846,13,0.1004242857171809
Grammica,C_costaricensis,CUCO,y,Φf.D,0.49197213342857143,14,0.18870999794997648
Grammica,C_costaricensis,CUCO,y,NPQ,0.35270950315384614,13,0.34256727220202393
Grammica,C_costaricensis,CUCO,y,X1.qP,0.29949714671428573,14,0.25565377235773634
Grammica,C_costaricensis,CUCO,o,Fo,0.012675,12,0.008168912801813737
Grammica,C_costaricensis,CUCO,o,Fm,0.028316666666666664,12,0.024385943541807897
Grammica,C_costaricensis,CUCO,o,Ft,0.01455,12,0.009806166890835025
Grammica,C_costaricensis,CUCO,o,Fo.,0.011175504916666667,12,0.006794124525857999
Grammica,C_costaricensis,CUCO,o,Fv.Fm,0.4829974463333333,12,0.10411727530365536
Grammica,C_costaricensis,CUCO,o,φPSII,0.2879816229166667,12,0.06994123779621925
Grammica,C_costaricensis,CUCO,o,ΦNPQ,0.12834082975,12,0.05878419206075773
Grammica,C_costaricensis,CUCO,o,Φf.D,0.5836775475,12,0.10294938017608743
Grammica,C_costaricensis,CUCO,o,NPQ,0.24002224608333333,12,0.1428515286430796
Grammica,C_costaricensis,CUCO,o,X1.qP,0.3381899885,12,0.07258420721608098
Grammica,C_costaricensis,CUCO,h,Fo,0.08209999999999999,12,0.019854836827698823
Grammica,C_costaricensis,CUCO,h,Fm,0.21835000000000002,12,0.05864620424824844
Grammica,C_costaricensis,CUCO,h,Ft,0.08991666666666667,12,0.022004331529510413
Grammica,C_costaricensis,CUCO,h,Fo.,0.06346175925,12,0.014570115264522005
Grammica,C_costaricensis,CUCO,h,Fv.Fm,0.6182836285833333,12,0.04131358791878789
Grammica,C_costaricensis,CUCO,h,φPSII,0.2711908010833333,12,0.060693764312182756
Grammica,C_costaricensis,CUCO,h,ΦNPQ,0.30925088275,12,0.04449565885946296
Grammica,C_costaricensis,CUCO,h,Φf.D,0.41955831633333335,12,0.06861511108576147
Grammica,C_costaricensis,CUCO,h,NPQ,0.76616208725,12,0.2162912197683594
Grammica,C_costaricensis,CUCO,h,X1.qP,0.4322757858333333,12,0.13758848624090128
Grammica,C_denticulata,ss13-46,sdlg,Fo,0.02859333333333333,15,0.005680853389949016
Grammica,C_denticulata,ss13-46,sdlg,Fm,0.11226666666666667,15,0.030580962020434185
Grammica,C_denticulata,ss13-46,sdlg,Ft,0.035153333333333335,15,0.008310051286300968
Grammica,C_denticulata,ss13-46,sdlg,Fo.,0.023456418133333334,15,0.004407614022208385
Grammica,C_denticulata,ss13-46,sdlg,Fv.Fm,0.7276193153333333,15,0.09855309239295122
Grammica,C_denticulata,ss13-46,sdlg,φPSII,0.2498645725,4,0.1915078989352115
Grammica,C_denticulata,ss13-46,sdlg,ΦNPQ,0.2279158923,10,0.09521937979757002
Grammica,C_denticulata,ss13-46,sdlg,Φf.D,0.3211311302666667,15,0.06497516550324363
Grammica,C_denticulata,ss13-46,sdlg,NPQ,0.7572289651333334,15,0.38580573069612223
Grammica,C_denticulata,ss13-46,sdlg,X1.qP,0.356015733,15,0.26216864906508053
Grammica,C_denticulata,ss13-46,y,Fo,0.029738888888888888,18,0.015560853556238256
Grammica,C_denticulata,ss13-46,y,Fm,0.0798,18,0.04727428103164366
Grammica,C_denticulata,ss13-46,y,Ft,0.034694444444444444,18,0.01987305217158097
Grammica,C_denticulata,ss13-46,y,Fo.,0.02623235261111111,18,0.013530973826318798
Grammica,C_denticulata,ss13-46,y,Fv.Fm,0.5832458045,18,0.10897912225547841
Grammica,C_denticulata,ss13-46,y,φPSII,0.3920842203888889,18,0.09734755725953102
Grammica,C_denticulata,ss13-46,y,ΦNPQ,0.14217027177777777,18,0.06927393686619372
Grammica,C_denticulata,ss13-46,y,Φf.D,0.4657455077777778,18,0.09844612148982618
Grammica,C_denticulata,ss13-46,y,NPQ,0.33153742305555556,18,0.21365506912675739
Grammica,C_denticulata,ss13-46,y,X1.qP,0.24613860938888887,18,0.08128847280491908
Grammica,C_denticulata,ss13-46,o,Fo,0.017706666666666666,15,0.01126292696458269
Grammica,C_denticulata,ss13-46,o,Fm,0.05654666666666667,15,0.04497745255230934
Grammica,C_denticulata,ss13-46,o,Ft,0.026953333333333333,15,0.018543110644682902
Grammica,C_denticulata,ss13-46,o,Fo.,0.0157875028,15,0.010029814207026071
Grammica,C_denticulata,ss13-46,o,Fv.Fm,0.6242220983333333,15,0.11983035605429153
Grammica,C_denticulata,ss13-46,o,φPSII,0.27005268457142856,14,0.114665201837595
Grammica,C_denticulata,ss13-46,o,ΦNPQ,0.18199233,15,0.036564644865478786
Grammica,C_denticulata,ss13-46,o,Φf.D,0.5304817794666666,15,0.11596185837049867
Grammica,C_denticulata,ss13-46,o,NPQ,0.3570295672666667,15,0.0959887058486674
Grammica,C_denticulata,ss13-46,o,X1.qP,0.5099738065333334,15,0.17499912370248674
Grammica,C_denticulata,ss13-46,h,Fo,0.050608,25,0.030568869240890587
Grammica,C_denticulata,ss13-46,h,Fm,0.16102307692307694,26,0.10548050931880186
Grammica,C_denticulata,ss13-46,h,Ft,0.075704,25,0.044885831840348014
Grammica,C_denticulata,ss13-46,h,Fo.,0.04417953916,25,0.02699676823004076
Grammica,C_denticulata,ss13-46,h,Fv.Fm,0.642523492,26,0.11248447062939682
Grammica,C_denticulata,ss13-46,h,φPSII,0.2591134758076923,26,0.12189569786041712
Grammica,C_denticulata,ss13-46,h,ΦNPQ,0.215286166,26,0.07138965891249971
Grammica,C_denticulata,ss13-46,h,Φf.D,0.51155348936,25,0.12717296516866838
Grammica,C_denticulata,ss13-46,h,NPQ,0.4644710060769231,26,0.26717261866730235
Grammica,C_denticulata,ss13-46,h,X1.qP,0.5487134392692308,26,0.1720284954981357
Grammica,C_denticulata,ss13-46,f,Fo,0.03946315789473684,19,0.018846196507704614
Grammica,C_denticulata,ss13-46,f,Fm,0.1386315789473684,19,0.06016943717196167
Grammica,C_denticulata,ss13-46,f,Ft,0.0774421052631579,19,0.044781969533749154
Grammica,C_denticulata,ss13-46,f,Fo.,0.03639127915789474,19,0.017294109283013906
Grammica,C_denticulata,ss13-46,f,Fv.Fm,0.715360008,19,0.04498380312510241
Grammica,C_denticulata,ss13-46,f,φPSII,0.2792892414117647,17,0.1471957017711499
Grammica,C_denticulata,ss13-46,f,ΦNPQ,0.154355227,19,0.032198687376075244
Grammica,C_denticulata,ss13-46,f,Φf.D,0.5430824165263158,19,0.14710079093036113
Grammica,C_denticulata,ss13-46,f,NPQ,0.30189139857894737,19,0.09219226199137615
Grammica,C_denticulata,ss13-46,f,X1.qP,0.5502778029473684,19,0.2203544619533772
Grammica,C_gracillima,CUGR,y,Fo,0.024111764705882353,17,0.012380321197011669
Grammica,C_gracillima,CUGR,y,Fm,0.05394705882352941,17,0.02706568670953729
Grammica,C_gracillima,CUGR,y,Ft,0.019147058823529413,17,0.00954994225421408
Grammica,C_gracillima,CUGR,y,Fo.,0.01567364082352941,17,0.00790742436728955
Grammica,C_gracillima,CUGR,y,Fv.Fm,0.545946970117647,17,0.07000411190669302
Grammica,C_gracillima,CUGR,y,φPSII,0.2265192165882353,17,0.043472658433300435
Grammica,C_gracillima,CUGR,y,ΦNPQ,0.3687920204,15,0.12461840659069888
Grammica,C_gracillima,CUGR,y,Φf.D,0.3778474342352941,17,0.12385307436759288
Grammica,C_gracillima,CUGR,y,NPQ,1.1433650765625,16,0.645833784871514
Grammica,C_gracillima,CUGR,y,X1.qP,0.3665974559411765,17,0.10031706899364094
Grammica,C_gracillima,CUGR,o,Fo,0.02775,10,0.0267182937745325
Grammica,C_gracillima,CUGR,o,Fm,0.06391,10,0.06451910053103138
Grammica,C_gracillima,CUGR,o,Ft,0.02241,10,0.019486773291987912
Grammica,C_gracillima,CUGR,o,Fo.,0.0173154254,10,0.01593728240293892
Grammica,C_gracillima,CUGR,o,Fv.Fm,0.547767213,7,0.067927376505586
Grammica,C_gracillima,CUGR,o,φPSII,0.1014311642,10,0.09454383150902612
Grammica,C_gracillima,CUGR,o,ΦNPQ,0.2800509478888889,9,0.22627585186272167
Grammica,C_gracillima,CUGR,o,Φf.D,0.40814782114285714,7,0.14488934441546125
Grammica,C_gracillima,CUGR,o,NPQ,0.8656272992,10,0.7187305070391297
Grammica,C_gracillima,CUGR,o,X1.qP,0.601539452,7,0.21555142488541082
Grammica,C_gracillima,CUGR,h,Fo,0.1049625,8,0.03336546278928043
Grammica,C_gracillima,CUGR,h,Fm,0.2454625,8,0.0919291176862447
Grammica,C_gracillima,CUGR,h,Ft,0.0764375,8,0.02299775998408789
Grammica,C_gracillima,CUGR,h,Fo.,0.0574219135,8,0.015742031107838353
Grammica,C_gracillima,CUGR,h,Fv.Fm,0.562481956125,8,0.04131292014865436
Grammica,C_gracillima,CUGR,h,φPSII,0.101797305,8,0.05387535489376561
Grammica,C_gracillima,CUGR,h,ΦNPQ,0.5005143946666667,6,0.06500638234800118
Grammica,C_gracillima,CUGR,h,Φf.D,0.340905866625,8,0.12682242312867797
Grammica,C_gracillima,CUGR,h,NPQ,1.3629637335,6,0.4286319005988122
Grammica,C_gracillima,CUGR,h,X1.qP,0.660778797,8,0.19479288384246735
Grammica,C_indecora,ss16-17,sdlg,Fo,0.0201,7,0.01847277275704255
Grammica,C_indecora,ss16-17,sdlg,Fm,0.07997142857142857,7,0.07421050496809092
Grammica,C_indecora,ss16-17,sdlg,Ft,0.039914285714285715,7,0.04076160074430462
Grammica,C_indecora,ss16-17,sdlg,Fo.,0.018208670142857142,7,0.016614718795880983
Grammica,C_indecora,ss16-17,sdlg,Fv.Fm,0.7516216281428572,7,0.03287385916600456
Grammica,C_indecora,ss16-17,sdlg,φPSII,0.34876216514285713,7,0.06636550922255212
Grammica,C_indecora,ss16-17,sdlg,ΦNPQ,0.1989402598,5,0.02771756916409579
Grammica,C_indecora,ss16-17,sdlg,Φf.D,0.4722842564285714,7,0.04960680231021914
Grammica,C_indecora,ss16-17,sdlg,NPQ,0.382742166,7,0.10317325012589569
Grammica,C_indecora,ss16-17,sdlg,X1.qP,0.49118137157142855,7,0.09520736948531376
Grammica,C_indecora,ss16-17,y,Fo,0.011266666666666666,9,0.00343256463886698
Grammica,C_indecora,ss16-17,y,Fm,0.03163333333333333,9,0.018324710093204747
Grammica,C_indecora,ss16-17,y,Ft,0.012199999999999999,9,0.005053216797249055
Grammica,C_indecora,ss16-17,y,Fo.,0.009557824111111111,9,0.0039623041154431046
Grammica,C_indecora,ss16-17,y,Fv.Fm,0.6598768245,6,0.06041431012643585
Grammica,C_indecora,ss16-17,y,φPSII,0.3590229784444445,9,0.27327171486446167
Grammica,C_indecora,ss16-17,y,ΦNPQ,0.07120418177777778,9,0.06757541563120198
Grammica,C_indecora,ss16-17,y,Φf.D,0.3546592595,6,0.025900297450146603
Grammica,C_indecora,ss16-17,y,NPQ,0.20142749855555556,9,0.18991588171845802
Grammica,C_indecora,ss16-17,y,X1.qP,0.0986472575,6,0.03485481548221813
Grammica,C_indecora,ss16-17,o,Fo,0.0060125,8,0.002393704540784311
Grammica,C_indecora,ss16-17,o,Fm,0.013275,8,0.008826380911789384
Grammica,C_indecora,ss16-17,o,Ft,0.0075250000000000004,8,0.0037855929899705655
Grammica,C_indecora,ss16-17,o,Fo.,0.0062441977499999995,8,0.0013887014715232304
Grammica,C_indecora,ss16-17,o,Fv.Fm,0.5732617418,5,0.08297814412103233
Grammica,C_indecora,ss16-17,o,φPSII,0.1807590355,8,0.1622789855829782
Grammica,C_indecora,ss16-17,o,ΦNPQ,0.09193988925,8,0.09512503105840471
Grammica,C_indecora,ss16-17,o,ΦNPQ,0.5636817204,5,0.08072656130787559
Grammica,C_indecora,ss16-17,o,NPQ,0.171679525375,8,0.19382532727116492
Grammica,C_indecora,ss16-17,o,X1.qP,0.45561489374999997,4,0.11441881746153713
Grammica,C_indecora,ss16-17,h,Fo,0.029025,4,0.012751307122539763
Grammica,C_indecora,ss16-17,h,Fm,0.07805000000000001,4,0.040774624461789956
Grammica,C_indecora,ss16-17,h,Ft,0.038599999999999995,4,0.016510400762347756
Grammica,C_indecora,ss16-17,h,Fo.,0.02310276125,4,0.00951689217381453
Grammica,C_indecora,ss16-17,h,Fv.Fm,0.603780474,4,0.07137654373135972
Grammica,C_indecora,ss16-17,h,φPSII,0.14419449225,4,0.06745551290462586
Grammica,C_indecora,ss16-17,h,ΦNPQ,0.32266181225,4,0.06797711338693084
Grammica,C_indecora,ss16-17,h,Φf.D,0.5331436955,4,0.11311696257925748
Grammica,C_indecora,ss16-17,h,NPQ,0.64160254725,4,0.2502378888556063
Grammica,C_indecora,ss16-17,h,X1.qP,0.71086341925,4,0.12208834685608262
Grammica,C_indecora,ss16-17,f,Fo,0.06558333333333333,18,0.040654198104616596
Grammica,C_indecora,ss16-17,f,Fm,0.16640588235294118,17,0.14666207958513097
Grammica,C_indecora,ss16-17,f,Ft,0.07562142857142858,14,0.06365172278255173
Grammica,C_indecora,ss16-17,f,Fo.,0.05298909694117647,17,0.03278470033324742
Grammica,C_indecora,ss16-17,f,Fv.Fm,0.5966829758461538,13,0.13499285537016867
Grammica,C_indecora,ss16-17,f,φPSII,0.100311991,18,0.09983140768509711
Grammica,C_indecora,ss16-17,f,ΦNPQ,0.19385223366666668,18,0.10894382239588737
Grammica,C_indecora,ss16-17,f,Φf.D,0.648946565,15,0.1388494474386968
Grammica,C_indecora,ss16-17,f,NPQ,0.3219283975555556,18,0.20335902713869525
Grammica,C_indecora,ss16-17,f,X1.qP,0.7629063409285715,14,0.2205037092020665
Grammica,C_indecora,ss16-17,s,Fo,0.10305,4,0.016275441622272496
Grammica,C_indecora,ss16-17,s,Fm,0.35762499999999997,4,0.047379698535694945
Grammica,C_indecora,ss16-17,s,Ft,0.16458,5,0.050527586524590704
Grammica,C_indecora,ss16-17,s,Fo.,0.09128633033333333,3,0.014667258257362294
Grammica,C_indecora,ss16-17,s,Fv.Fm,0.61776359175,8,0.11973352803135562
Grammica,C_indecora,ss16-17,s,φPSII,0.143752256125,8,0.1063784227669665
Grammica,C_indecora,ss16-17,s,ΦNPQ,0.29414575375,8,0.08700517184039047
Grammica,C_indecora,ss16-17,s,Φf.D,0.525259417,7,0.14705939333622697
Grammica,C_indecora,ss16-17,s,NPQ,0.615329169,8,0.3715401450903045
Grammica,C_indecora,ss16-17,s,X1.qP,0.6663788534285714,7,0.1507430291171845
Grammica,C_polygonorum,1705,sdlg,Fo,0.063375,4,0.012926039610027503
Grammica,C_polygonorum,1705,sdlg,Fm,0.18625,4,0.05254550408931292
Grammica,C_polygonorum,1705,sdlg,Ft,0.067275,4,0.03549369662348513
Grammica,C_polygonorum,1705,sdlg,Fo.,0.04383813125,4,0.013860623609120343
Grammica,C_polygonorum,1705,sdlg,Fv.Fm,0.65269271875,4,0.03457878752998167
Grammica,C_polygonorum,1705,sdlg,φPSII,0.2371736425,4,0.059655166852786976
Grammica,C_polygonorum,1705,sdlg,ΦNPQ,0.3572371603333333,3,0.11990279847532632
Grammica,C_polygonorum,1705,sdlg,Φf.D,0.3581206,4,0.1602547857433816
Grammica,C_polygonorum,1705,sdlg,NPQ,1.47604705325,4,1.0500007702411607
Grammica,C_polygonorum,1705,sdlg,X1.qP,0.43186909425,4,0.24870216973414574
Grammica,C_polygonorum,1705,y,Fo,0.04367142857142857,14,0.012076195820476972
Grammica,C_polygonorum,1705,y,Fm,0.11399285714285715,14,0.03334997322766113
Grammica,C_polygonorum,1705,y,Ft,0.04624285714285714,14,0.012857067154844288
Grammica,C_polygonorum,1705,y,Fo.,0.03561746557142857,14,0.009973563294213379
Grammica,C_polygonorum,1705,y,Fv.Fm,0.6088537863571428,14,0.054954195057115914
Grammica,C_polygonorum,1705,y,φPSII,0.3549346580714286,14,0.09610506337530612
Grammica,C_polygonorum,1705,y,ΦNPQ,0.2305021017142857,14,0.10750444519822853
Grammica,C_polygonorum,1705,y,Φf.D,0.41456324,14,0.06468271844163839
Grammica,C_polygonorum,1705,y,NPQ,0.5928219787142858,14,0.35971150893084336
Grammica,C_polygonorum,1705,y,X1.qP,0.29875940328571426,14,0.09539672953549413
Grammica,C_polygonorum,1705,o,Fo,0.029135714285714286,14,0.015960412908812234
Grammica,C_polygonorum,1705,o,Fm,0.06380714285714285,14,0.046409141411939595
Grammica,C_polygonorum,1705,o,Ft,0.0341,14,0.02438694480501969
Grammica,C_polygonorum,1705,o,Fo.,0.023234071285714284,14,0.013496096820260319
Grammica,C_polygonorum,1705,o,Fv.Fm,0.5081270583846154,13,0.08933069416677596
Grammica,C_polygonorum,1705,o,φPSII,0.1579484857857143,14,0.08031701213482872
Grammica,C_polygonorum,1705,o,ΦNPQ,0.25597605742857144,14,0.09608723376215464
Grammica,C_polygonorum,1705,o,Φf.D,0.5542351072307692,13,0.09057707990299523
Grammica,C_polygonorum,1705,o,NPQ,0.48147423121428573,14,0.2168492307185933
Grammica,C_polygonorum,1705,o,X1.qP,0.5873925529230769,13,0.14324031413686864
Grammica,C_polygonorum,1705,h,Fo,0.067775,12,0.039039307114752946
Grammica,C_polygonorum,1705,h,Fm,0.158325,12,0.11687400461413759
Grammica,C_polygonorum,1705,h,Ft,0.087625,12,0.05978399185248658
Grammica,C_polygonorum,1705,h,Fo.,0.054951605,12,0.03383133029937349
Grammica,C_polygonorum,1705,h,Fv.Fm,0.5456810468,10,0.11909356473629248
Grammica,C_polygonorum,1705,h,φPSII,0.12710392091666667,12,0.06401648425132299
Grammica,C_polygonorum,1705,h,ΦNPQ,0.29902605325000003,12,0.06413317207029207
Grammica,C_polygonorum,1705,h,Φf.D,0.573870026,12,0.05938898431648029
Grammica,C_polygonorum,1705,h,NPQ,0.5316509679166667,12,0.16120401517003574
Grammica,C_polygonorum,1705,h,X1.qP,0.6909977355,12,0.08090374368097372
Grammica,C_polygonorum,1705,f,Fo,0.10506666666666667,6,0.022867414953742952
Grammica,C_polygonorum,1705,f,Fm,0.23585714285714285,7,0.06712855470768649
Grammica,C_polygonorum,1705,f,Ft,0.13,5,0.024886040263569453
Grammica,C_polygonorum,1705,f,Fo.,0.0811842138,5,0.013320402060565185
Grammica,C_polygonorum,1705,f,Fv.Fm,0.515362754,7,0.06218844316316596
Grammica,C_polygonorum,1705,f,φPSII,0.11061322671428571,7,0.05806176133762927
Grammica,C_polygonorum,1705,f,ΦNPQ,0.23007282742857144,7,0.12517305965158146
Grammica,C_polygonorum,1705,f,Φf.D,0.6593139457142857,7,0.08226915209585077
Grammica,C_polygonorum,1705,f,NPQ,0.37431409471428573,7,0.25377691146921916
Grammica,C_polygonorum,1705,f,X1.qP,0.7618074917142857,7,0.10065783810298537
Grammica,C_polygonorum,1705,s,Fo,0.12806,10,0.037747912377890366
Grammica,C_polygonorum,1705,s,Fm,0.30601428571428574,7,0.0673727053677632
Grammica,C_polygonorum,1705,s,Ft,0.19027,10,0.052135082025233044
Grammica,C_polygonorum,1705,s,Fo.,0.1127616992,10,0.026321876334054344
Grammica,C_polygonorum,1705,s,Fv.Fm,0.5774322051538462,13,0.08914092414212325
Grammica,C_polygonorum,1705,s,φPSII,0.19848762476923076,13,0.11725686622115732
Grammica,C_polygonorum,1705,s,ΦNPQ,0.242874207,10,0.06562847167983217
Grammica,C_polygonorum,1705,s,Φf.D,0.5330109228,10,0.1571032797658199
Grammica,C_polygonorum,1705,s,NPQ,0.41068832061538463,13,0.29340614620497546
Grammica,C_polygonorum,1705,s,X1.qP,0.6085236263846154,13,0.21114805644280196
Grammica,C_sandwichiana,155,sdlg,Fo,0.025033333333333335,9,0.022453952881397076
Grammica,C_sandwichiana,155,sdlg,Fm,0.04777777777777778,9,0.0456205484890794
Grammica,C_sandwichiana,155,sdlg,Ft,0.02988888888888889,9,0.02773388921718537
Grammica,C_sandwichiana,155,sdlg,Fo.,0.02129453777777778,9,0.01929213945702611
Grammica,C_sandwichiana,155,sdlg,Fv.Fm,0.5055501191666667,6,0.027567362721291514
Grammica,C_sandwichiana,155,sdlg,φPSII,0.1528045462857143,7,0.04781997707073082
Grammica,C_sandwichiana,155,sdlg,ΦNPQ,0.27201310557142855,7,0.09905246327320862
Grammica,C_sandwichiana,155,sdlg,Φf.D,0.5575642932,5,0.073829342287673
Grammica,C_sandwichiana,155,sdlg,NPQ,0.403973659,9,0.2764283728709038
Grammica,C_sandwichiana,155,sdlg,X1.qP,0.684681866,9,0.15736914880199138
Grammica,C_sandwichiana,155,y,Fo,0.02329090909090909,11,0.009720849195976095
Grammica,C_sandwichiana,155,y,Fm,0.04192727272727273,11,0.03212460399472936
Grammica,C_sandwichiana,155,y,Ft,0.02447272727272727,11,0.009379988369831905
Grammica,C_sandwichiana,155,y,Fo.,0.015851898545454546,11,0.010536697245987572
Grammica,C_sandwichiana,155,y,Fv.Fm,0.5008507072222222,9,0.12575126414020749
Grammica,C_sandwichiana,155,y,φPSII,0.20492284227272728,11,0.1340446754335417
Grammica,C_sandwichiana,155,y,ΦNPQ,0.15904806863636364,11,0.11104255083748367
Grammica,C_sandwichiana,155,y,Φf.D,0.5551466643333334,9,0.15708437657419097
Grammica,C_sandwichiana,155,y,NPQ,0.3397093430909091,11,0.3100594093461689
Grammica,C_sandwichiana,155,y,X1.qP,0.4242924238888889,9,0.10627499374429147
Grammica,C_sandwichiana,155,o,Fo,0.024133333333333333,12,0.012429169015836997
Grammica,C_sandwichiana,155,o,Fm,0.04783333333333333,12,0.03291195785268585
Grammica,C_sandwichiana,155,o,Ft,0.028591666666666668,12,0.0171893972782026
Grammica,C_sandwichiana,155,o,Fo.,0.020263331583333332,12,0.010541159185963982
Grammica,C_sandwichiana,155,o,Fv.Fm,0.42481292358333334,12,0.11790862452406839
Grammica,C_sandwichiana,155,o,φPSII,0.13369109783333333,12,0.07739269453447138
Grammica,C_sandwichiana,155,o,ΦNPQ,0.22144061191666667,12,0.03429693590248775
Grammica,C_sandwichiana,155,o,Φf.D,0.6448682903333334,12,0.08491257931950065
Grammica,C_sandwichiana,155,o,NPQ,0.351419929,12,0.08343732670863707
Grammica,C_sandwichiana,155,o,X1.qP,0.6343316034545454,11,0.1424078833288795
Grammica,C_sandwichiana,155,h,Fo,0.08495,14,0.03639223818343686
Grammica,C_sandwichiana,155,h,Fm,0.2008714285714286,14,0.10641246622004852
Grammica,C_sandwichiana,155,h,Ft,0.11145714285714285,14,0.05080359942253811
Grammica,C_sandwichiana,155,h,Fo.,0.07062475257142857,14,0.028124115310350115
Grammica,C_sandwichiana,155,h,Fv.Fm,0.5452175515,14,0.07546383013453149
Grammica,C_sandwichiana,155,h,φPSII,0.17287829114285713,14,0.03982370878534819
Grammica,C_sandwichiana,155,h,ΦNPQ,0.23640345414285716,14,0.09319520300083928
Grammica,C_sandwichiana,155,h,Φf.D,0.5907182545714286,14,0.1001187235638016
Grammica,C_sandwichiana,155,h,NPQ,0.43814777092857143,14,0.25278582772736397
Grammica,C_sandwichiana,155,h,X1.qP,0.6236295092142857,14,0.07249419357993264
Grammica,C_sandwichiana,155,f,Fo,0.07479999999999999,5,0.0071080939779943845
Grammica,C_sandwichiana,155,f,Fm,0.16576666666666667,6,0.0585276572798422
Grammica,C_sandwichiana,155,f,Ft,0.1057,5,0.01747183447723793
Grammica,C_sandwichiana,155,f,Fo.,0.0643237018,5,0.009251105339149626
Grammica,C_sandwichiana,155,f,Fv.Fm,0.4658431105,6,0.06652472314073933
Grammica,C_sandwichiana,155,f,φPSII,0.025021652,6,0.03261093770103271
Grammica,C_sandwichiana,155,f,ΦNPQ,0.22844643833333333,6,0.07935213409580555
Grammica,C_sandwichiana,155,f,Φf.D,0.7502127106666667,6,0.10250683858452629
Grammica,C_sandwichiana,155,f,NPQ,0.32023027783333335,6,0.14414063560474463
Grammica,C_sandwichiana,155,f,X1.qP,0.9486971846000001,5,0.08992375633783059
Grammica,C_sandwichiana,155,s,Fo,0.11168,5,0.006592950780947786
Grammica,C_sandwichiana,155,s,Fm,0.33,5,0.026990090774208227
Grammica,C_sandwichiana,155,s,Ft,0.21396666666666667,6,0.04711104612154847
Grammica,C_sandwichiana,155,s,Fo.,0.10259874199999999,5,0.005776283605952011
Grammica,C_sandwichiana,155,s,Fv.Fm,0.6393575088333333,6,0.058983674921475084
Grammica,C_sandwichiana,155,s,φPSII,0.09603518333333333,6,0.12353993476122896
Grammica,C_sandwichiana,155,s,ΦNPQ,0.17873313983333333,6,0.03427528840537128
Grammica,C_sandwichiana,155,s,Φf.D,0.6757097857500001,4,0.09252851924015347
Grammica,C_sandwichiana,155,s,NPQ,0.248174072,6,0.04211665720267252
Grammica,C_sandwichiana,155,s,X1.qP,0.778706828,4,0.20324041124731004
Grammica,C_tasmanica,17-15,sdlg,Fo,0.005566666666666667,3,2.8867513459481263e-4
Grammica,C_tasmanica,17-15,sdlg,Fm,0.015666666666666666,3,0.0027300793639257687
Grammica,C_tasmanica,17-15,sdlg,Ft,0.0083,3,5.000000000000004e-4
Grammica,C_tasmanica,17-15,sdlg,Fo.,0.004905533333333333,3,2.500186422655982e-4
Grammica,C_tasmanica,17-15,sdlg,Fv.Fm,0.6358148546666667,3,0.07870375550926072
Grammica,C_tasmanica,17-15,sdlg,φPSII,0.2611740576666667,3,0.06085803749178558
Grammica,C_tasmanica,17-15,sdlg,ΦNPQ,0.23882685399999998,2,0.04782527745421001
Grammica,C_tasmanica,17-15,sdlg,Φf.D,0.5366933343333333,3,0.059450535141572815
Grammica,C_tasmanica,17-15,sdlg,NPQ,0.38632744,3,0.17363312790513818
Grammica,C_tasmanica,17-15,sdlg,X1.qP,0.536308557,3,0.07195379692583254
Grammica,C_tasmanica,17-15,y,Fo,0.01513611111111111,36,0.009799421346699953
Grammica,C_tasmanica,17-15,y,Fm,0.03908611111111111,36,0.03322858625407413
Grammica,C_tasmanica,17-15,y,Ft,0.016855555555555554,36,0.012023535121809927
Grammica,C_tasmanica,17-15,y,Fo.,0.012816748944444444,36,0.008255978378262616
Grammica,C_tasmanica,17-15,y,Fv.Fm,0.5472130262,35,0.11844157859464831
Grammica,C_tasmanica,17-15,y,φPSII,0.3163626362222222,36,0.13473371008381202
Grammica,C_tasmanica,17-15,y,ΦNPQ,0.16760599605555557,36,0.08100837047087693
Grammica,C_tasmanica,17-15,y,Φf.D,0.5022036925142858,35,0.12309681561264978
Grammica,C_tasmanica,17-15,y,NPQ,0.37194194094444444,36,0.2678722028543702
Grammica,C_tasmanica,17-15,y,X1.qP,0.3381389631470588,34,0.16312754336423535
Grammica,C_tasmanica,17-15,o,Fo,0.007023809523809524,21,0.004059052199948254
Grammica,C_tasmanica,17-15,o,Fm,0.012933333333333333,21,0.01138693696010184
Grammica,C_tasmanica,17-15,o,Ft,0.008747619047619047,21,0.005866567910424207
Grammica,C_tasmanica,17-15,o,Fo.,0.006299501142857143,21,0.003574743627752909
Grammica,C_tasmanica,17-15,o,Fv.Fm,0.3852405837058824,17,0.16373886565321571
Grammica,C_tasmanica,17-15,o,φPSII,0.10817541838095238,21,0.1132255381573309
Grammica,C_tasmanica,17-15,o,ΦNPQ,0.09980069404761904,21,0.07826675559925278
Grammica,C_tasmanica,17-15,o,Φf.D,0.7270313525000001,16,0.14474218539753092
Grammica,C_tasmanica,17-15,o,NPQ,0.1550224440952381,21,0.16144113387784464
Grammica,C_tasmanica,17-15,o,X1.qP,0.65549486625,16,0.2390590341866442
Grammica,C_tasmanica,17-15,h,Fo,0.05076,25,0.03034321725416297
Grammica,C_tasmanica,17-15,h,Fm,0.17754799999999998,25,0.10571092706054563
Grammica,C_tasmanica,17-15,h,Ft,0.088812,25,0.054541233026032705
Grammica,C_tasmanica,17-15,h,Fo.,0.04350401428,25,0.025196078379636118
Grammica,C_tasmanica,17-15,h,Fv.Fm,0.71040930532,25,0.044808903395068975
Grammica,C_tasmanica,17-15,h,φPSII,0.24794135396,25,0.05296379358182457
Grammica,C_tasmanica,17-15,h,ΦNPQ,0.25203869896,25,0.07328574768552723
Grammica,C_tasmanica,17-15,h,Φf.D,0.50001994716,25,0.0895326638524745
Grammica,C_tasmanica,17-15,h,NPQ,0.5420969808,25,0.24524382305671016
Grammica,C_tasmanica,17-15,h,X1.qP,0.592139744,25,0.09777201074508128
Grammica,C_tasmanica,17-15,f,Fo,0.0367875,24,0.017791212107691523
Grammica,C_tasmanica,17-15,f,Fm,0.10532916666666667,24,0.0663928327664487
Grammica,C_tasmanica,17-15,f,Ft,0.0705875,24,0.044230161974164975
Grammica,C_tasmanica,17-15,f,Fo.,0.032869463625,24,0.016207353351832886
Grammica,C_tasmanica,17-15,f,Fv.Fm,0.6011232639583334,24,0.11392474870085598
Grammica,C_tasmanica,17-15,f,φPSII,0.10266889395833333,24,0.0448787432063182
Grammica,C_tasmanica,17-15,f,ΦNPQ,0.2110271725,24,0.04951219023896456
Grammica,C_tasmanica,17-15,f,Φf.D,0.6863039335833333,24,0.07198286930663413
Grammica,C_tasmanica,17-15,f,NPQ,0.31640979975,24,0.10174205144722047
Grammica,C_tasmanica,17-15,f,X1.qP,0.8070283883043479,23,0.07100038257512432
Ipomoea_nil,Ipomoea_nil,IPNI,l,Fo,0.17698181818181818,11,0.01680254850799831
Ipomoea_nil,Ipomoea_nil,IPNI,l,Fm,0.6899909090909091,11,0.07315384411697658
Ipomoea_nil,Ipomoea_nil,IPNI,l,Ft,0.19096363636363636,11,0.018040691379615843
Ipomoea_nil,Ipomoea_nil,IPNI,l,Fo.,0.13170573345454545,11,0.009154076834209079
Ipomoea_nil,Ipomoea_nil,IPNI,l,Fv.Fm,0.7427291074545455,11,0.018192047061477132
Ipomoea_nil,Ipomoea_nil,IPNI,l,φPSII,0.3693141775,10,0.05158128486928758
Ipomoea_nil,Ipomoea_nil,IPNI,l,ΦNPQ,0.3469525989,10,0.05603273296412143
Ipomoea_nil,Ipomoea_nil,IPNI,l,Φf.D,0.27864680081818183,11,0.03199684303986522
Ipomoea_nil,Ipomoea_nil,IPNI,l,NPQ,1.2401005476,10,0.2658170730134167
Ipomoea_nil,Ipomoea_nil,IPNI,l,X1.qP,0.3623672963333333,9,0.07375557315584075
Ipomoea_nil,Ipomoea_nil,IPNI,y,Fo,0.2152,6,0.023660600161449843
Ipomoea_nil,Ipomoea_nil,IPNI,y,Fm,0.7241666666666666,6,0.04406888547111973
Ipomoea_nil,Ipomoea_nil,IPNI,y,Ft,0.21583333333333332,6,0.012512660255384011
Ipomoea_nil,Ipomoea_nil,IPNI,y,Fo.,0.1410583335,6,0.008050969018701056
Ipomoea_nil,Ipomoea_nil,IPNI,y,Fv.Fm,0.7031252226666667,6,0.023410350030831587
Ipomoea_nil,Ipomoea_nil,IPNI,y,φPSII,0.18158545566666667,6,0.024238384822423353
Ipomoea_nil,Ipomoea_nil,IPNI,y,ΦNPQ,0.5189911423333333,6,0.03234985627552211
Ipomoea_nil,Ipomoea_nil,IPNI,y,Φf.D,0.2994234023333333,6,0.030141144263023396
Ipomoea_nil,Ipomoea_nil,IPNI,y,NPQ,1.6512329338,5,0.1464075894898629
Ipomoea_nil,Ipomoea_nil,IPNI,y,X1.qP,0.607932174,6,0.05059012565408432
Ipomoea_nil,Ipomoea_nil,IPNI,o,Fo,0.1593,5,0.012399999999999993
Ipomoea_nil,Ipomoea_nil,IPNI,o,Fm,0.54402,5,0.0565541068358435
Ipomoea_nil,Ipomoea_nil,IPNI,o,Ft,0.23872500000000002,4,0.024737875818267027
Ipomoea_nil,Ipomoea_nil,IPNI,o,Fo.,0.1319588694,5,0.010214703864684536
Ipomoea_nil,Ipomoea_nil,IPNI,o,Fv.Fm,0.7058473968,5,0.022399102899130784
Ipomoea_nil,Ipomoea_nil,IPNI,o,φPSII,0.2236752552,5,0.028033972058983378
Ipomoea_nil,Ipomoea_nil,IPNI,o,ΦNPQ,0.3299350341666667,6,0.047864469824614134
Ipomoea_nil,Ipomoea_nil,IPNI,o,Φf.D,0.443155556,5,0.051993510761228906
Ipomoea_nil,Ipomoea_nil,IPNI,o,NPQ,0.7370925071666667,6,0.19351413286811558
Ipomoea_nil,Ipomoea_nil,IPNI,o,X1.qP,0.61778637,4,0.04006177438114653
Ipomoea_nil,Ipomoea_nil,IPNI,f,Fo,0.0627888888888889,9,0.020796480738603615
Ipomoea_nil,Ipomoea_nil,IPNI,f,Fm,0.20234444444444444,9,0.06180503844977186
Ipomoea_nil,Ipomoea_nil,IPNI,f,Ft,0.08424444444444444,9,0.027249500505106102
Ipomoea_nil,Ipomoea_nil,IPNI,f,Fo.,0.04648609922222222,9,0.014899058207096446
Ipomoea_nil,Ipomoea_nil,IPNI,f,Fv.Fm,0.679142383375,8,0.029708989100705865
Ipomoea_nil,Ipomoea_nil,IPNI,f,φPSII,0.13088832422222224,9,0.030685853327491807
Ipomoea_nil,Ipomoea_nil,IPNI,f,ΦNPQ,0.45184674933333335,9,0.05402843671381637
Ipomoea_nil,Ipomoea_nil,IPNI,f,Φf.D,0.42955940575,8,0.04549642816721271
Ipomoea_nil,Ipomoea_nil,IPNI,f,NPQ,1.1149580838888888,9,0.2739564616440677
Ipomoea_nil,Ipomoea_nil,IPNI,f,X1.qP,0.7413306958888889,9,0.07192784664629248
Ipomoea_nil,Ipomoea_nil,IPNI,s,Fo,0.089375,12,0.02736354990925636
Ipomoea_nil,Ipomoea_nil,IPNI,s,Fm,0.43903333333333333,12,0.08818177850670775
Ipomoea_nil,Ipomoea_nil,IPNI,s,Ft,0.27455,12,0.04936272977570316
Ipomoea_nil,Ipomoea_nil,IPNI,s,Fo.,0.08754674681818182,11,0.02182386017375573
Ipomoea_nil,Ipomoea_nil,IPNI,s,Fv.Fm,0.7779440113846154,13,0.024587511774954707
Ipomoea_nil,Ipomoea_nil,IPNI,s,φPSII,0.18483373084615384,13,0.02871546250974232
Ipomoea_nil,Ipomoea_nil,IPNI,s,ΦNPQ,0.19478641861538462,13,0.03649322619738936
Ipomoea_nil,Ipomoea_nil,IPNI,s,Φf.D,0.6203798503846154,13,0.05058068778585466
Ipomoea_nil,Ipomoea_nil,IPNI,s,NPQ,0.31999240353846153,13,0.08704377016533457
Ipomoea_nil,Ipomoea_nil,IPNI,s,X1.qP,0.7445717888461538,13,0.04493939685129168
Monogynella,C_lupuliformis,CULU,sdlg,Fo,0.07475,4,0.03475384870773307
Monogynella,C_lupuliformis,CULU,sdlg,Fm,0.4985,1,NA
Monogynella,C_lupuliformis,CULU,sdlg,Ft,0.081375,4,0.03673203642598651
Monogynella,C_lupuliformis,CULU,sdlg,Fo.,0.0544683115,4,0.02256015351475444
Monogynella,C_lupuliformis,CULU,sdlg,Fv.Fm,0.7939543250000001,4,0.021378445739061593
Monogynella,C_lupuliformis,CULU,sdlg,φPSII,0.441243773,3,0.04501423416616897
Monogynella,C_lupuliformis,CULU,sdlg,ΦNPQ,0.3269060183333333,3,0.07905624426453048
Monogynella,C_lupuliformis,CULU,sdlg,Φf.D,0.2259939755,4,0.034969561976186316
Monogynella,C_lupuliformis,CULU,sdlg,NPQ,1.463144963,1,NA
Monogynella,C_lupuliformis,CULU,sdlg,X1.qP,0.33640033175,4,0.13224956591890671
Monogynella,C_monogyna,CUMO,sdlg,Fo,0.089475,4,0.011865180150339064
Monogynella,C_monogyna,CUMO,sdlg,Fm,0.38382499999999997,4,0.04316745494775742
Monogynella,C_monogyna,CUMO,sdlg,Ft,0.108725,4,0.016173306196734582
Monogynella,C_monogyna,CUMO,sdlg,Fo.,0.07021696075,4,0.00901878863751806
Monogynella,C_monogyna,CUMO,sdlg,Fv.Fm,0.76637510275,4,0.026127357171480133
Monogynella,C_monogyna,CUMO,sdlg,φPSII,0.38479507125,4,0.03533350727920253
Monogynella,C_monogyna,CUMO,sdlg,ΦNPQ,0.33104316025,4,0.03827234437844167
Monogynella,C_monogyna,CUMO,sdlg,Φf.D,0.2841617685,4,0.041553378835580176
Monogynella,C_monogyna,CUMO,sdlg,NPQ,1.2974418576666666,3,0.1853996761585596
Monogynella,C_monogyna,CUMO,sdlg,X1.qP,0.36098577725000003,4,0.04436160655472137
Monogynella,C_monogyna,CUMO,y,Fo,0.06323571428571428,14,0.013834105411173955
Monogynella,C_monogyna,CUMO,y,Fm,0.28581428571428574,14,0.07650949520904485
Monogynella,C_monogyna,CUMO,y,Ft,0.08147142857142857,14,0.020885122734816564
Monogynella,C_monogyna,CUMO,y,Fo.,0.055935940571428575,14,0.01205569651412152
Monogynella,C_monogyna,CUMO,y,Fv.Fm,0.7732936139285714,14,0.03370230812641885
Monogynella,C_monogyna,CUMO,y,φPSII,0.5665373002307692,13,0.030330974297978267
Monogynella,C_monogyna,CUMO,y,ΦNPQ,0.16457483671428572,14,0.0448865688439519
Monogynella,C_monogyna,CUMO,y,Φf.D,0.2887885490714286,14,0.04722420380649725
Monogynella,C_monogyna,CUMO,y,NPQ,0.5734179022857143,14,0.13440726322446914
Monogynella,C_monogyna,CUMO,y,X1.qP,0.18187096953846155,13,0.028213989126157874
Monogynella,C_monogyna,CUMO,o,Fo,0.037783333333333335,12,0.015286882869924393
Monogynella,C_monogyna,CUMO,o,Fm,0.16963333333333333,12,0.08236785928032998
Monogynella,C_monogyna,CUMO,o,Ft,0.05065833333333333,12,0.023193708329213032
Monogynella,C_monogyna,CUMO,o,Fo.,0.032896561916666664,12,0.013493545624269656
Monogynella,C_monogyna,CUMO,o,Fv.Fm,0.76224925425,12,0.04238188667801018
Monogynella,C_monogyna,CUMO,o,φPSII,0.49757118441666665,12,0.03911944573055361
Monogynella,C_monogyna,CUMO,o,ΦNPQ,0.19611508341666667,12,0.029973223421867704
Monogynella,C_monogyna,CUMO,o,Φf.D,0.3063137321666667,12,0.045159645792631
Monogynella,C_monogyna,CUMO,o,NPQ,0.6631273881666667,12,0.19397382261550558
Monogynella,C_monogyna,CUMO,o,X1.qP,0.24435502125,12,0.06409016431720407
Monogynella,C_monogyna,CUMO,h,Fo,0.06297272727272728,11,0.01152849434306934
Monogynella,C_monogyna,CUMO,h,Fm,0.15478333333333333,12,0.04561927091468997
Monogynella,C_monogyna,CUMO,h,Ft,0.06548333333333334,12,0.011536332593028414
Monogynella,C_monogyna,CUMO,h,Fo.,0.04714009975,12,0.011316071900325235
Monogynella,C_monogyna,CUMO,h,Fv.Fm,0.5676441063333333,9,0.0809533275278927
Monogynella,C_monogyna,CUMO,h,φPSII,0.14013664491666666,12,0.05016963644627636
Monogynella,C_monogyna,CUMO,h,ΦNPQ,0.4402262705555556,9,0.062061596724149494
Monogynella,C_monogyna,CUMO,h,Φf.D,0.41164122610000003,10,0.07201074209810457
Monogynella,C_monogyna,CUMO,h,NPQ,1.083575118818182,11,0.37650006705029976
Monogynella,C_monogyna,CUMO,h,X1.qP,0.6415528798333333,12,0.08531171435352577
Monogynella,C_monogyna,CUMO,f,Fo,0.11644444444444445,9,0.03994562276117094
Monogynella,C_monogyna,CUMO,f,Fm,0.3250416666666667,12,0.10206048526004152
Monogynella,C_monogyna,CUMO,f,Ft,0.1283,8,0.04652544618654551
Monogynella,C_monogyna,CUMO,f,Fo.,0.09140660244444444,9,0.03110377849287864
Monogynella,C_monogyna,CUMO,f,Fv.Fm,0.6285476556153846,13,0.04880152633721403
Monogynella,C_monogyna,CUMO,f,φPSII,0.208080192,12,0.09372742732757475
Monogynella,C_monogyna,CUMO,f,ΦNPQ,0.3254003822307692,13,0.03658727841970835
Monogynella,C_monogyna,CUMO,f,Φf.D,0.4511402086923077,13,0.08347460556514052
Monogynella,C_monogyna,CUMO,f,NPQ,0.7398121696153847,13,0.1335055303595508
Monogynella,C_monogyna,CUMO,f,X1.qP,0.6431667196,10,0.11196385659955332
Monogynella,C_monogyna,CUMO,s,Fo,0.059125,8,0.019193432656584835
Monogynella,C_monogyna,CUMO,s,Fm,0.1644,8,0.057437195514504616
Monogynella,C_monogyna,CUMO,s,Ft,0.0874875,8,0.03141766734543752
Monogynella,C_monogyna,CUMO,s,Fo.,0.048510679125,8,0.01426491979875475
Monogynella,C_monogyna,CUMO,s,Fv.Fm,0.633809634,8,0.045804559915640884
Monogynella,C_monogyna,CUMO,s,φPSQ,0.13873426728571428,7,0.08660474901958493
Monogynella,C_monogyna,CUMO,s,φPSQ,0.32792090314285716,7,0.046820824237652395
Monogynella,C_monogyna,CUMO,s,Φf.D,0.5361000223333333,6,0.0364405621731522
Monogynella,C_monogyna,CUMO,s,NPQ,0.580388472375,8,0.20790355792359652
Monogynella,C_monogyna,CUMO,s,X1.qP,0.6498996242,5,0.15526237157616815
