Subgenus,Species,Accession.,Individual,Tissue.edit,Metric,mean,n,sd
C_purpurata,C_purpurata,1432,A,y,Fv.Fm,0,6,0
C_purpurata,C_purpurata,1432,A,y,φPSII,0,6,0
C_purpurata,C_purpurata,1432,A,y,ΦNPQ,0,6,0
C_purpurata,C_purpurata,1432,A,h,Fv.Fm,0,2,0
C_purpurata,C_purpurata,1432,A,h,φPSII,0,2,0
C_purpurata,C_purpurata,1432,A,h,ΦNPQ,0,2,0
C_purpurata,C_purpurata,1432,A,f,Fv.Fm,0,6,0
C_purpurata,C_purpurata,1432,A,f,φPSII,0,6,0
C_purpurata,C_purpurata,1432,A,f,ΦNPQ,0,6,0
C_purpurata,C_purpurata,1432,B,y,Fv.Fm,0,3,0
C_purpurata,C_purpurata,1432,B,y,φPSII,0,3,0
C_purpurata,C_purpurata,1432,B,y,ΦNPQ,0,3,0
C_purpurata,C_purpurata,1432,B,h,Fv.Fm,0,4,0
C_purpurata,C_purpurata,1432,B,h,φPSII,0,4,0
C_purpurata,C_purpurata,1432,B,h,ΦNPQ,0,4,0
C_purpurata,C_purpurata,1432,B,f,Fv.Fm,0,5,0
C_purpurata,C_purpurata,1432,B,f,φPSII,0,5,0
C_purpurata,C_purpurata,1432,B,f,ΦNPQ,0,5,0
C_purpurata,C_purpurata,1432,C,y,Fv.Fm,0,7,0
C_purpurata,C_purpurata,1432,C,y,φPSII,0,7,0
C_purpurata,C_purpurata,1432,C,y,ΦNPQ,0,7,0
C_purpurata,C_purpurata,1432,C,o,Fv.Fm,0,4,0
C_purpurata,C_purpurata,1432,C,o,φPSII,0,4,0
C_purpurata,C_purpurata,1432,C,o,ΦNPQ,0,4,0
C_purpurata,C_purpurata,1432,C,h,Fv.Fm,0,4,0
C_purpurata,C_purpurata,1432,C,h,φPSII,0,4,0
C_purpurata,C_purpurata,1432,C,h,ΦNPQ,0,4,0
C_purpurata,C_purpurata,1432,C,f,Fv.Fm,0,7,0
C_purpurata,C_purpurata,1432,C,f,φPSII,0,7,0
C_purpurata,C_purpurata,1432,C,f,ΦNPQ,0,7,0
Cuscuta,C_epithymum,CUEP,1,sdlg,Fv.Fm,0.54252082,2,0.009625892695553558
Cuscuta,C_epithymum,CUEP,1,sdlg,φPSII,0.315860692,2,0.0049880203299443315
Cuscuta,C_epithymum,CUEP,1,sdlg,ΦNPQ,0.22520054500000003,2,0.060943457404958976
Cuscuta,C_epithymum,CUEP,2,sdlg,Fv.Fm,0.48848103466666665,3,0.07572733917769137
Cuscuta,C_epithymum,CUEP,2,sdlg,φPSII,0.32648993233333334,3,0.06663232582676372
Cuscuta,C_epithymum,CUEP,2,sdlg,ΦNPQ,0.236355457,1,NA
Cuscuta,C_epithymum,CUEP,A,y,Fv.Fm,0.4330587215,6,0.09740683390880436
Cuscuta,C_epithymum,CUEP,A,y,φPSII,0.344067517,6,0.07840250796317007
Cuscuta,C_epithymum,CUEP,A,y,ΦNPQ,0.08179403983333333,6,0.07180624024184622
Cuscuta,C_epithymum,CUEP,A,o,Fv.Fm,0.4590835228333333,6,0.19864538364745699
Cuscuta,C_epithymum,CUEP,A,o,φPSII,0.28426791483333336,6,0.17104644983547598
Cuscuta,C_epithymum,CUEP,A,o,ΦNPQ,0.16887605683333334,6,0.021998195234043085
Cuscuta,C_epithymum,CUEP,A,h,Fv.Fm,0.5267737576,5,0.12388339932262449
Cuscuta,C_epithymum,CUEP,A,h,φPSII,0.253335803,5,0.13682662055299408
Cuscuta,C_epithymum,CUEP,A,h,ΦNPQ,0.2490909246,5,0.049583104402865716
Cuscuta,C_epithymum,CUEP,A,f,Fv.Fm,0.2722718414,5,0.08168791877932736
Cuscuta,C_epithymum,CUEP,A,f,φPSII,-0.002717066142857147,7,0.060172332757853025
Cuscuta,C_epithymum,CUEP,A,f,ΦNPQ,0.27171939283333335,6,0.07910140159381088
Cuscuta,C_epithymum,CUEP,C,y,Fv.Fm,0.5830178076666667,3,0.05541489258106611
Cuscuta,C_epithymum,CUEP,C,y,φPSII,0.4242964223333333,3,0.11555532635715078
Cuscuta,C_epithymum,CUEP,C,y,ΦNPQ,0.06767160666666666,3,0.06726890665879731
Cuscuta,C_epithymum,CUEP,C,o,Fv.Fm,0.6229147185,6,0.18242142042379472
Cuscuta,C_epithymum,CUEP,C,o,φPSII,0.41366847083333336,6,0.16590777211798818
Cuscuta,C_epithymum,CUEP,C,o,ΦNPQ,0.16823969166666666,6,0.05850125463770534
Cuscuta,C_epithymum,CUEP,C,h,Fv.Fm,0.5413498152,5,0.10511468983962316
Cuscuta,C_epithymum,CUEP,C,h,φPSII,0.275214032,5,0.0828654610048259
Cuscuta,C_epithymum,CUEP,C,h,ΦNPQ,0.2045211472,5,0.07447627797716432
Cuscuta,C_epithymum,CUEP,D,y,Fv.Fm,0.1040229886,5,0.2326024737322857
Cuscuta,C_epithymum,CUEP,D,y,φPSII,0.0934210526,5,0.20889582414318345
Cuscuta,C_epithymum,CUEP,D,y,ΦNPQ,0.013475498999999998,5,0.030132131794730437
Cuscuta,C_epithymum,CUEP,D,o,Fv.Fm,0.0844594595,4,0.168918919
Cuscuta,C_epithymum,CUEP,D,o,φPSII,0.05859375,4,0.1171875
Cuscuta,C_epithymum,CUEP,D,o,ΦNPQ,0.0258657095,4,0.051731419
Cuscuta,C_epithymum,CUEP,D,h,Fv.Fm,0.5002226943333333,3,0.037400167780002734
Cuscuta,C_epithymum,CUEP,D,h,φPSII,0.32460171466666665,3,0.06838609736340977
Cuscuta,C_epithymum,CUEP,D,h,ΦNPQ,0.13864616033333332,3,0.02643214221976309
Cuscuta,C_epithymum,CUEP,D,f,Fv.Fm,0.5951383277777778,9,0.08078440550609374
Cuscuta,C_epithymum,CUEP,D,f,φPSII,0.11164180322222222,9,0.07442843543877686
Cuscuta,C_epithymum,CUEP,D,f,ΦNPQ,0.24804505255555556,9,0.052269923861105246
Cuscuta,C_epithymum,CUEP,D,s,Fv.Fm,0.6182493788333334,6,0.06736388978222492
Cuscuta,C_epithymum,CUEP,D,s,φPSII,0.1907942298,5,0.06163530938063505
Cuscuta,C_epithymum,CUEP,D,s,ΦNPQ,0.32608985716666666,6,0.039823559422824555
Grammica,C_australis,1382,-,sdlg,Fv.Fm,0.7295082936666667,6,0.022563233536101828
Grammica,C_australis,1382,-,sdlg,φPSII,0.1750697408,5,0.11195660537525078
Grammica,C_australis,1382,-,sdlg,ΦNPQ,0.4293254985,2,0.1140491403076
Grammica,C_australis,1382,A,y,Fv.Fm,0.5380755325,2,0.009652760631918349
Grammica,C_australis,1382,A,y,φPSII,0.35227883000000004,2,0.04229970606392628
Grammica,C_australis,1382,A,y,ΦNPQ,0.11028915950000001,2,9.507566861003409e-4
Grammica,C_australis,1382,A,o,Fv.Fm,0.4439189906666667,3,0.024461656552086288
Grammica,C_australis,1382,A,o,φPSII,0.16995488133333334,3,0.06534124890481363
Grammica,C_australis,1382,A,o,ΦNPQ,0.20590792466666666,3,0.028656274739598305
Grammica,C_australis,1382,A,h,Fv.Fm,0.505665999,3,0.04349317907821266
Grammica,C_australis,1382,A,h,φPSII,0.159821093,3,0.017162263265293777
Grammica,C_australis,1382,A,h,ΦNPQ,0.46500421599999997,3,0.17719744285924124
Grammica,C_australis,1382,B,y,Fv.Fm,0.5689310790000001,4,0.06727669945188143
Grammica,C_australis,1382,B,y,φPSII,0.26543446725,4,0.03297158405681636
Grammica,C_australis,1382,B,y,ΦNPQ,0.3708162525,4,0.09002108735271118
Grammica,C_australis,1382,B,o,Fv.Fm,0.5183104006666667,3,0.07292720363089729
Grammica,C_australis,1382,B,o,φPSII,0.172960352,3,0.057061464110691205
Grammica,C_australis,1382,B,o,ΦNPQ,0.44555175233333333,3,0.06559903086275119
Grammica,C_australis,1382,B,h,Fv.Fm,0.57063044475,4,0.07682626061716477
Grammica,C_australis,1382,B,h,φPSII,0.083657274,4,0.07086498064528193
Grammica,C_australis,1382,B,h,ΦNPQ,0.338955292,3,0.09495998409970215
Grammica,C_australis,1382,C,y,Fv.Fm,0.4730662353333333,3,0.03262492238125602
Grammica,C_australis,1382,C,y,φPSII,0.26700373466666666,3,0.021345635259882065
Grammica,C_australis,1382,C,y,ΦNPQ,0.225105095,3,0.049667328967111
Grammica,C_australis,1382,C,o,Fv.Fm,0.401594711,3,0.013516338903340763
Grammica,C_australis,1382,C,o,φPSII,0.150462401,3,0.02043360460812083
Grammica,C_australis,1382,C,o,ΦNPQ,0.3039220836666667,3,0.0257634955840242
Grammica,C_australis,1382,C,h,φPSII,0,3,0
Grammica,C_australis,1382,C,h,ΦNPQ,0,2,0
Grammica,C_australis,1382,C,s,Fv.Fm,0.6534164069999999,2,0.03681402398138287
Grammica,C_australis,1382,C,s,φPSII,0.2334308105,2,0.055010696453408614
Grammica,C_australis,1382,C,s,ΦNPQ,0.2650951575,2,0.005309481679273448
Grammica,C_californica,ss17-105,-,sdlg,Fv.Fm,0.7696648887499999,4,0.02201172679329833
Grammica,C_californica,ss17-105,-,sdlg,φPSII,0.3434763855,2,0.14574639961317437
Grammica,C_californica,ss17-105,-,sdlg,ΦNPQ,0.257944082,3,0.0508402760821306
Grammica,C_californica,ss17-105,A,y,Fv.Fm,0.739772038,3,0.024702624999709787
Grammica,C_californica,ss17-105,A,y,φPSII,0.4370998146666667,3,0.0635308959284928
Grammica,C_californica,ss17-105,A,y,ΦNPQ,0.2481055256666667,3,0.10644864117337477
Grammica,C_californica,ss17-105,A,o,Fv.Fm,0.75526879125,4,0.02763527736498531
Grammica,C_californica,ss17-105,A,o,φPSII,0.2614336815,4,0.04516194025553042
Grammica,C_californica,ss17-105,A,o,ΦNPQ,0.443106257,2,0.10939661881080492
Grammica,C_californica,ss17-105,A,h,Fv.Fm,0.7645737903333334,3,0.02135229044044395
Grammica,C_californica,ss17-105,A,h,φPSII,0.3494497936666667,3,0.03252654411280341
Grammica,C_californica,ss17-105,A,h,ΦNPQ,0.30835710866666666,3,0.024491468801912566
Grammica,C_californica,ss17-105,A,f,Fv.Fm,0.706320252375,8,0.02380917112096214
Grammica,C_californica,ss17-105,A,f,φPSII,0.385143611875,8,0.03729605275747509
Grammica,C_californica,ss17-105,A,f,ΦNPQ,0.32557888275,8,0.03405723903510319
Grammica,C_californica,ss17-105,B,y,Fv.Fm,0.574124867,5,0.13885739027454916
Grammica,C_californica,ss17-105,B,y,φPSII,0.4061232662,5,0.06167211934747404
Grammica,C_californica,ss17-105,B,y,ΦNPQ,0.1548312322,5,0.056240834037161576
Grammica,C_californica,ss17-105,B,o,Fv.Fm,0.5897794754,5,0.05589710360685561
Grammica,C_californica,ss17-105,B,o,φPSII,0.257433744,5,0.1631123613693967
Grammica,C_californica,ss17-105,B,o,ΦNPQ,0.243950815,5,0.09217737696563523
Grammica,C_californica,ss17-105,B,h,Fv.Fm,0.6915997776,5,0.04366403401887859
Grammica,C_californica,ss17-105,B,h,φPSII,0.3325209958,5,0.08913806208891416
Grammica,C_californica,ss17-105,B,h,ΦNPQ,0.2812728074,5,0.024053144909704238
Grammica,C_californica,ss17-105,B,f,Fv.Fm,0.7186674390000001,8,0.019656252793521907
Grammica,C_californica,ss17-105,B,f,φPSII,0.397619784375,8,0.03292746658464127
Grammica,C_californica,ss17-105,B,f,ΦNPQ,0.276826854,8,0.07648420491120762
Grammica,C_californica,ss17-105,C,y,Fv.Fm,0.5209193520000001,3,0.057387877794989425
Grammica,C_californica,ss17-105,C,y,φPSII,0.3512920113333333,3,0.10230241744844372
Grammica,C_californica,ss17-105,C,y,ΦNPQ,0.16571534933333334,3,0.06316533772701251
Grammica,C_californica,ss17-105,C,o,Fv.Fm,0.7791355416666667,3,0.007000932509636884
Grammica,C_californica,ss17-105,C,o,φPSII,0.3345748686666667,3,0.046534088731591795
Grammica,C_californica,ss17-105,C,o,ΦNPQ,0.2794282473333333,3,0.06358815583371716
Grammica,C_californica,ss17-105,C,f,Fv.Fm,0.68484087775,8,0.05315570766931144
Grammica,C_californica,ss17-105,C,f,φPSII,0.36914447837500003,8,0.0839687654259372
Grammica,C_californica,ss17-105,C,f,ΦNPQ,0.277300214875,8,0.03888995236831958
Grammica,C_californica,ss17-105,D,y,Fv.Fm,0.7126447764,5,0.0827699176424081
Grammica,C_californica,ss17-105,D,y,φPSII,0.4265800818333333,6,0.19587346891699015
Grammica,C_californica,ss17-105,D,y,ΦNPQ,0.13089616016666666,6,0.06543794921237028
Grammica,C_californica,ss17-105,D,o,Fv.Fm,0.5571502965,2,0.054633583679079806
Grammica,C_californica,ss17-105,D,o,φPSII,0.32586860650000005,2,0.10253808820548105
Grammica,C_californica,ss17-105,D,o,ΦNPQ,0.153117703,2,0.011712248022997123
Grammica,C_californica,ss17-105,D,h,Fv.Fm,0.6691716174,5,0.05833063192729279
Grammica,C_californica,ss17-105,D,h,φPSII,0.32010032499999996,4,0.12517135960144124
Grammica,C_californica,ss17-105,D,h,ΦNPQ,0.2561946936,5,0.07691152202192926
Grammica,C_californica,ss17-105,D,f,Fv.Fm,0.60288248025,8,0.05945168066860856
Grammica,C_californica,ss17-105,D,f,φPSII,0.208711546375,8,0.10008820450505425
Grammica,C_californica,ss17-105,D,f,ΦNPQ,0.2762094405,8,0.057711475216191785
Grammica,C_californica,ss17-105,E,y,Fv.Fm,0.5713826123333333,6,0.09764853062698235
Grammica,C_californica,ss17-105,E,y,φPSII,0.40946557716666665,6,0.0890167890627194
Grammica,C_californica,ss17-105,E,y,ΦNPQ,0.10507360433333333,6,0.020540140339749945
Grammica,C_californica,ss17-105,E,o,Fv.Fm,0.6903896998,5,0.0495263597404896
Grammica,C_californica,ss17-105,E,o,φPSII,0.3301572343333333,3,0.09400422749919676
Grammica,C_californica,ss17-105,E,o,ΦNPQ,0.2155150972,5,0.04316640290987781
Grammica,C_californica,ss17-105,E,h,Fv.Fm,0.7034609277777778,9,0.044661766397511085
Grammica,C_californica,ss17-105,E,h,φPSII,0.34862510385714285,7,0.03850864170051146
Grammica,C_californica,ss17-105,E,h,ΦNPQ,0.21116937633333333,9,0.056812820476195035
Grammica,C_californica,ss17-105,E,f,Fv.Fm,0.6701039752,10,0.05924336171052641
Grammica,C_californica,ss17-105,E,f,φPSII,0.32960235520000003,10,0.1260538532291121
Grammica,C_californica,ss17-105,E,f,ΦNPQ,0.22924948,10,0.10189078071792988
Grammica,C_cephalanthii,1567,A,sdlg,Fv.Fm,0.7184136178333334,6,0.031767548061961234
Grammica,C_cephalanthii,1567,A,sdlg,φPSII,0.28368539816666666,6,0.1171233893449357
Grammica,C_cephalanthii,1567,A,sdlg,ΦNPQ,0.3041246008333333,6,0.10494920641993137
Grammica,C_cephalanthii,1567,A,y,Fv.Fm,0.6216420025,2,0.008671672600439011
Grammica,C_cephalanthii,1567,A,y,φPSII,0.309852525,2,0.018670174507232077
Grammica,C_cephalanthii,1567,A,y,ΦNPQ,0.3441459855,2,0.061556258061845434
Grammica,C_cephalanthii,1567,A,o,Fv.Fm,0.4268560791428571,7,0.13381426926291565
Grammica,C_cephalanthii,1567,A,o,φPSII,0.16817333814285715,7,0.14783742217975157
Grammica,C_cephalanthii,1567,A,o,ΦNPQ,0.26630851814285716,7,0.10292761116294825
Grammica,C_cephalanthii,1567,A,f,Fv.Fm,0.6141856625,4,0.05213897771362667
Grammica,C_cephalanthii,1567,A,f,φPSII,0.07890465475,4,0.11402440458955687
Grammica,C_cephalanthii,1567,A,f,ΦNPQ,0.38144883075,4,0.04863686752526282
Grammica,C_cephalanthii,1567,A,s,Fv.Fm,0.6382134939999999,4,0.063045699446155
Grammica,C_cephalanthii,1567,A,s,φPSII,0.096794179,3,0.019572135279591445
Grammica,C_cephalanthii,1567,A,s,ΦNPQ,0.34559760500000003,4,0.1059730950537263
Grammica,C_cephalanthii,1567,B,y,Fv.Fm,0.554594436,3,0.011165796021623235
Grammica,C_cephalanthii,1567,B,y,φPSII,0.23928679966666666,3,0.009676400745856196
Grammica,C_cephalanthii,1567,B,y,ΦNPQ,0.3645485786666667,3,0.023394664971565844
Grammica,C_cephalanthii,1567,B,o,Fv.Fm,0.33570767225,4,0.0952037104900579
Grammica,C_cephalanthii,1567,B,o,φPSII,0.09311714725,4,0.08665466797801112
Grammica,C_cephalanthii,1567,B,o,ΦNPQ,0.27184876375,4,0.013803101110661563
Grammica,C_cephalanthii,1567,B,h,Fv.Fm,0.5219625874285715,7,0.09780077556009553
Grammica,C_cephalanthii,1567,B,h,φPSII,0.1190599502857143,7,0.04584642815140547
Grammica,C_cephalanthii,1567,B,h,ΦNPQ,0.3891373735714286,7,0.04183241317638448
Grammica,C_cephalanthii,1567,B,f,Fv.Fm,0.553288768,5,0.04270157953960099
Grammica,C_cephalanthii,1567,B,f,φPSII,0.072411195,5,0.04104117907746391
Grammica,C_cephalanthii,1567,B,f,ΦNPQ,0.3735876352,5,0.04161484472865534
Grammica,C_cephalanthii,1567,B,s,Fv.Fm,0.6502173504285714,7,0.021895170922302917
Grammica,C_cephalanthii,1567,B,s,φPSII,0.09458136842857143,7,0.044713010188541805
Grammica,C_cephalanthii,1567,B,s,ΦNPQ,0.38927066985714287,7,0.055920524657004374
Grammica,C_cephalanthii,1567,D,y,Fv.Fm,0.56853762,9,0.11085919188168888
Grammica,C_cephalanthii,1567,D,y,φPSII,0.2830156671111111,9,0.06682735651908975
Grammica,C_cephalanthii,1567,D,y,ΦNPQ,0.2338619021111111,9,0.1819000998989517
Grammica,C_cephalanthii,1567,D,o,Fv.Fm,0.443634333,7,0.07478831378434479
Grammica,C_cephalanthii,1567,D,o,φPSII,0.1403601337142857,7,0.08894612219969446
Grammica,C_cephalanthii,1567,D,o,ΦNPQ,0.29238527757142857,7,0.05510285864063217
Grammica,C_cephalanthii,1567,D,h,Fv.Fm,0.625137497,8,0.07894850609400905
Grammica,C_cephalanthii,1567,D,h,φPSII,0.15194541425,8,0.026056929325425325
Grammica,C_cephalanthii,1567,D,h,ΦNPQ,0.473668229,8,0.0805956883893969
Grammica,C_cephalanthii,1567,D,f,Fv.Fm,0.6675102540909091,11,0.06979408092854476
Grammica,C_cephalanthii,1567,D,f,φPSII,0.1854056199090909,11,0.04685595306512151
Grammica,C_cephalanthii,1567,D,f,ΦNPQ,0.3627048452727273,11,0.037669862026315774
Grammica,C_cephalanthii,1567,D,s,Fv.Fm,0.674946233,14,0.05051382994814382
Grammica,C_cephalanthii,1567,D,s,φPSII,0.17536351664285715,14,0.06601293933184944
Grammica,C_cephalanthii,1567,D,s,ΦNPQ,0.43018827508333335,12,0.05217646822674491
Grammica,C_cephalanthii,1567,E,y,Fv.Fm,0.5838571443333334,3,0.04326348507692541
Grammica,C_cephalanthii,1567,E,y,φPSII,0.31574135799999997,3,0.041317897693392294
Grammica,C_cephalanthii,1567,E,y,ΦNPQ,0.2669393366666667,3,0.025752561657395888
Grammica,C_cephalanthii,1567,E,o,Fv.Fm,0.4555511525,2,0.028534590583535826
Grammica,C_cephalanthii,1567,E,o,φPSII,0.0277372262,5,0.06202232329048817
Grammica,C_cephalanthii,1567,E,o,ΦNPQ,0.1379717758,5,0.19309357899132795
Grammica,C_cephalanthii,1567,F,o,Fv.Fm,0.5487579793999999,5,0.035939905015931105
Grammica,C_cephalanthii,1567,F,o,φPSII,0.24519979120000002,5,0.047925317710505115
Grammica,C_cephalanthii,1567,F,o,ΦNPQ,0.2562118298,5,0.04492540054198625
Grammica,C_cephalanthii,1567,F,s,Fv.Fm,0.5797789017777778,9,0.04776234500539071
Grammica,C_cephalanthii,1567,F,s,φPSII,0.21421126733333332,9,0.08216912429020534
Grammica,C_cephalanthii,1567,F,s,ΦNPQ,0.34653943311111113,9,0.042718143216642246
Grammica,C_cephalanthii,1567,G,y,Fv.Fm,0.5785008423333333,3,0.0037518562398237494
Grammica,C_cephalanthii,1567,G,y,φPSII,0.24834717166666667,3,0.04658015641751316
Grammica,C_cephalanthii,1567,G,y,ΦNPQ,0.3168821115,2,1.668156820700846e-4
Grammica,C_cephalanthii,1567,G,o,Fv.Fm,0.49062095040000003,5,0.04086450716034955
Grammica,C_cephalanthii,1567,G,o,φPSII,0.2094515494,5,0.038726577407711765
Grammica,C_cephalanthii,1567,G,o,ΦNPQ,0.2496053282,5,0.032538615990499994
Grammica,C_cephalanthii,1567,G,h,Fv.Fm,0.504810677,4,0.08600255980801717
Grammica,C_cephalanthii,1567,G,h,φPSII,0.0940114155,4,0.02034506730985907
Grammica,C_cephalanthii,1567,G,h,ΦNPQ,0.47794361325,4,0.03407832951774042
Grammica,C_cephalanthii,1567,G,s,Fv.Fm,0.5462943155714286,7,0.0545933435666484
Grammica,C_cephalanthii,1567,G,s,φPSII,0.158097661,7,0.08823502726731686
Grammica,C_cephalanthii,1567,G,s,ΦNPQ,0.3069811944285714,7,0.0771393081627917
Grammica,C_compacta,1566,-,sdlg,Fv.Fm,0.5223626435,6,0.06410058583910007
Grammica,C_compacta,1566,-,sdlg,φPSII,0.099773243,1,NA
Grammica,C_compacta,1566,-,sdlg,ΦNPQ,0.41719179733333334,3,0.0309092717141869
Grammica,C_compacta,1566,A,y,Fv.Fm,0.5380359655,2,0.01710147579083929
Grammica,C_compacta,1566,A,y,φPSII,0.2822888315,2,0.042631113577239595
Grammica,C_compacta,1566,A,y,ΦNPQ,0.18342918400000002,2,0.07110070407702164
Grammica,C_compacta,1566,A,o,Fv.Fm,0.46874528475,4,0.0960730231980627
Grammica,C_compacta,1566,A,o,φPSII,0.22480680625,4,0.06754343780689444
Grammica,C_compacta,1566,A,o,ΦNPQ,0.14567941625,4,0.08890875354601441
Grammica,C_compacta,1566,A,h,Fv.Fm,0.6352975615,2,0.02721482244549871
Grammica,C_compacta,1566,A,h,φPSII,0.148103567,2,0.04607522069768523
Grammica,C_compacta,1566,A,h,ΦNPQ,0.487561043,2,0.013308526025176593
Grammica,C_compacta,1566,B,y,Fv.Fm,0.5042694003333333,3,0.054456326913174445
Grammica,C_compacta,1566,B,y,φPSII,0.25164346466666665,3,0.016573380833449072
Grammica,C_compacta,1566,B,y,ΦNPQ,0.11861401033333334,3,0.11126873391349103
Grammica,C_compacta,1566,B,o,Fv.Fm,0.35832486799999996,2,0.001214533678433812
Grammica,C_compacta,1566,B,o,φPSII,0.09753700633333333,3,0.08750522662184933
Grammica,C_compacta,1566,B,o,ΦNPQ,0.127740797,3,0.11847312095721296
Grammica,C_compacta,1566,B,h,φPSII,0,2,0
Grammica,C_compacta,1566,B,h,ΦNPQ,0,2,0
Grammica,C_compacta,1566,B,f,φPSII,0,4,0
Grammica,C_compacta,1566,B,f,ΦNPQ,0,4,0
Grammica,C_compacta,1566,D,f,Fv.Fm,0.466706255,5,0.059762688892259545
Grammica,C_compacta,1566,D,f,φPSII,0.0373306468,5,0.028080737176911858
Grammica,C_compacta,1566,D,f,ΦNPQ,0.2582670426,5,0.08197687161380064
Grammica,C_compacta,1566,D,s,Fv.Fm,0.5495745683333333,3,0.0347168137018617
Grammica,C_compacta,1566,D,s,φPSII,0.15522975125,4,0.024961525069509966
Grammica,C_compacta,1566,D,s,ΦNPQ,0.30571697400000003,4,0.08927360199328759
Grammica,C_compacta,1566,E,y,Fv.Fm,0.5765194793333333,3,0.016943945316484115
Grammica,C_compacta,1566,E,y,φPSII,0.176446183,3,0.15280700205519315
Grammica,C_compacta,1566,E,y,ΦNPQ,0.27482194933333337,3,0.18370247270924694
Grammica,C_compacta,1566,E,h,Fv.Fm,0.6141959035,2,0.08123121999143507
Grammica,C_compacta,1566,E,h,φPSII,0.122837848,2,0.013638539831024143
Grammica,C_compacta,1566,E,h,ΦNPQ,0.4766034635,2,0.04672653604672937
Grammica,C_costaricensis,CUCO,-,sdlg,Fv.Fm,0.726358898,1,NA
Grammica,C_costaricensis,CUCO,-,sdlg,φPSII,0.302020202,1,NA
Grammica,C_costaricensis,CUCO,-,sdlg,ΦNPQ,0.440719932,1,NA
Grammica,C_costaricensis,CUCO,A,y,Fv.Fm,0.492619972,3,0.11859377848806724
Grammica,C_costaricensis,CUCO,A,y,φPSII,0.30577237,3,0.06848613921033958
Grammica,C_costaricensis,CUCO,A,y,ΦNPQ,0.14649025400000001,3,0.17881268353495086
Grammica,C_costaricensis,CUCO,A,o,Fv.Fm,0.6273540205,2,0.0242666566868535
Grammica,C_costaricensis,CUCO,A,o,φPSII,0.3569545635,2,0.022835855813607347
Grammica,C_costaricensis,CUCO,A,o,ΦNPQ,0.199317146,2,0.027005919767812418
Grammica,C_costaricensis,CUCO,B,y,Fv.Fm,0.48199660699999997,7,0.12795447797463802
Grammica,C_costaricensis,CUCO,B,y,φPSII,0.31885525057142855,7,0.11239111527439136
Grammica,C_costaricensis,CUCO,B,y,ΦNPQ,0.14981568342857143,7,0.08987304444793247
Grammica,C_costaricensis,CUCO,B,o,Fv.Fm,0.4537693105,6,0.08916817321730384
Grammica,C_costaricensis,CUCO,B,o,φPSII,0.2538102965,6,0.06939564175011885
Grammica,C_costaricensis,CUCO,B,o,ΦNPQ,0.13404306433333332,6,0.04578683340338319
Grammica,C_costaricensis,CUCO,B,h,Fv.Fm,0.612407807,6,0.04219773196657919
Grammica,C_costaricensis,CUCO,B,h,φPSII,0.2791200013333333,6,0.0710976596626121
Grammica,C_costaricensis,CUCO,B,h,ΦNPQ,0.31807025483333334,6,0.03341063902952692
Grammica,C_costaricensis,CUCO,C,y,Fv.Fm,0.5363949455,4,0.07499221382035551
Grammica,C_costaricensis,CUCO,C,y,φPSII,0.2923213265,4,0.2020596874655703
Grammica,C_costaricensis,CUCO,C,y,ΦNPQ,0.128842189,3,0.06190895072348501
Grammica,C_costaricensis,CUCO,C,o,Fv.Fm,0.454661363,4,0.09812528038379958
Grammica,C_costaricensis,CUCO,C,o,φPSII,0.30475214225,4,0.06208510496121946
Grammica,C_costaricensis,CUCO,C,o,ΦNPQ,0.08429931975,4,0.05407068554501788
Grammica,C_costaricensis,CUCO,C,h,Fv.Fm,0.6241594501666667,6,0.0434911295484293
Grammica,C_costaricensis,CUCO,C,h,φPSII,0.26326160083333333,6,0.05383718165627242
Grammica,C_costaricensis,CUCO,C,h,ΦNPQ,0.3004315106666667,6,0.055251733622713885
Grammica,C_denticulata,ss13-46,-,sdlg,Fv.Fm,0.6318447448,5,0.12638847425957833
Grammica,C_denticulata,ss13-46,-,sdlg,φPSII,0.08492815000000001,2,0.005765870316161474
Grammica,C_denticulata,ss13-46,-,sdlg,ΦNPQ,0.464926591,1,NA
Grammica,C_denticulata,ss13-46,1,sdlg,Fv.Fm,0.7754293418571429,7,0.013757293887658638
Grammica,C_denticulata,ss13-46,1,sdlg,ΦNPQ,0.18126696766666667,6,0.034036230672427614
Grammica,C_denticulata,ss13-46,2,sdlg,Fv.Fm,0.775686871,3,0.032789493657932434
Grammica,C_denticulata,ss13-46,2,sdlg,φPSII,0.414800995,2,0.03429995531834877
Grammica,C_denticulata,ss13-46,2,sdlg,ΦNPQ,0.24221017533333333,3,0.05460981464956483
Grammica,C_denticulata,ss13-46,A,y,Fv.Fm,0.4487720428,5,0.07515106464214828
Grammica,C_denticulata,ss13-46,A,y,φPSII,0.2876377396,5,0.07628742813922548
Grammica,C_denticulata,ss13-46,A,y,ΦNPQ,0.1403056652,5,0.07604275900212236
Grammica,C_denticulata,ss13-46,A,o,Fv.Fm,0.50566075525,4,0.12801060740228
Grammica,C_denticulata,ss13-46,A,o,φPSII,0.19184027775,4,0.14773275271101033
Grammica,C_denticulata,ss13-46,A,o,ΦNPQ,0.19648088625000001,4,0.05539660789414974
Grammica,C_denticulata,ss13-46,A,h,Fv.Fm,0.64199203825,4,0.04275430712194564
Grammica,C_denticulata,ss13-46,A,h,φPSII,0.36552460125,4,0.08653970531081906
Grammica,C_denticulata,ss13-46,A,h,ΦNPQ,0.18189608025,4,0.0201757518571237
Grammica,C_denticulata,ss13-46,A,f,Fv.Fm,0.733937175,6,0.042113353575609955
Grammica,C_denticulata,ss13-46,A,f,φPSII,0.35150003875,4,0.0412619155520561
Grammica,C_denticulata,ss13-46,A,f,ΦNPQ,0.158124036,6,0.024239534505279766
Grammica,C_denticulata,ss13-46,B,y,Fv.Fm,0.6547800116666667,3,0.05003298849734662
Grammica,C_denticulata,ss13-46,B,y,φPSII,0.504112505,3,0.05064512979584575
Grammica,C_denticulata,ss13-46,B,y,ΦNPQ,0.135625142,3,0.07518983162687239
Grammica,C_denticulata,ss13-46,B,o,Fv.Fm,0.6605866076666667,3,0.0395072519311192
Grammica,C_denticulata,ss13-46,B,o,φPSII,0.328880238,3,0.0871075953381684
Grammica,C_denticulata,ss13-46,B,o,ΦNPQ,0.181173509,3,0.0260875933510287
Grammica,C_denticulata,ss13-46,B,h,Fv.Fm,0.7184132055,6,0.048566480167458896
Grammica,C_denticulata,ss13-46,B,h,φPSII,0.26506774916666664,6,0.10057226794500208
Grammica,C_denticulata,ss13-46,B,h,ΦNPQ,0.21776848683333333,6,0.08052998059501268
Grammica,C_denticulata,ss13-46,C,y,Fv.Fm,0.6597651485,2,0.11445772923318658
Grammica,C_denticulata,ss13-46,C,y,φPSII,0.407613448,2,0.04505100622362134
Grammica,C_denticulata,ss13-46,C,y,ΦNPQ,0.23151488999999997,2,0.07360127690002996
Grammica,C_denticulata,ss13-46,C,o,Fv.Fm,0.764121865,4,0.015803441759973714
Grammica,C_denticulata,ss13-46,C,o,φPSII,0.38403423766666667,3,0.03031506406083078
Grammica,C_denticulata,ss13-46,C,o,ΦNPQ,0.1770329105,4,0.027028222743775462
Grammica,C_denticulata,ss13-46,C,h,Fv.Fm,0.7666731106,5,0.02789127600723046
Grammica,C_denticulata,ss13-46,C,h,φPSII,0.3750092156,5,0.08217824229366737
Grammica,C_denticulata,ss13-46,C,h,ΦNPQ,0.22401636360000002,5,0.06650975191358625
Grammica,C_denticulata,ss13-46,C,f,Fv.Fm,0.706785930923077,13,0.045212216145080066
Grammica,C_denticulata,ss13-46,C,f,φPSII,0.2570705345384615,13,0.16183382365044194
Grammica,C_denticulata,ss13-46,C,f,ΦNPQ,0.1526157766923077,13,0.036054664294510104
Grammica,C_denticulata,ss13-46,D,y,Fv.Fm,0.621336741875,8,0.06773537307297094
Grammica,C_denticulata,ss13-46,D,y,φPSII,0.41147035725000003,8,0.0706879667030831
Grammica,C_denticulata,ss13-46,D,y,ΦNPQ,0.12345392,8,0.05708830393413812
Grammica,C_denticulata,ss13-46,D,o,Fv.Fm,0.57561029275,4,0.004649367996382757
Grammica,C_denticulata,ss13-46,D,o,φPSII,0.2186582615,4,0.036721218944139426
Grammica,C_denticulata,ss13-46,D,o,ΦNPQ,0.173077309,4,0.03958364693695911
Grammica,C_denticulata,ss13-46,D,h,Fv.Fm,0.5448907139090909,11,0.08913691126999065
Grammica,C_denticulata,ss13-46,D,h,φPSII,0.1644908539090909,11,0.07762520091989492
Grammica,C_denticulata,ss13-46,D,h,ΦNPQ,0.22210575054545453,11,0.084072650848431
Grammica,C_gracillima,CUGR,A,y,Fv.Fm,0.491605358125,8,0.03761591041406076
Grammica,C_gracillima,CUGR,A,y,φPSII,0.212963766125,8,0.04710654487954724
Grammica,C_gracillima,CUGR,A,y,ΦNPQ,0.2942198401428571,7,0.13389974380163133
Grammica,C_gracillima,CUGR,A,o,Fv.Fm,0.409638554,1,NA
Grammica,C_gracillima,CUGR,A,o,φPSII,0.01953125,4,0.0390625
Grammica,C_gracillima,CUGR,A,o,ΦNPQ,0.05275790675,4,0.1055158135
Grammica,C_gracillima,CUGR,A,h,Fv.Fm,0.5602347276,5,0.037484262124828936
Grammica,C_gracillima,CUGR,A,h,φPSII,0.1278932392,5,0.04696075836852462
Grammica,C_gracillima,CUGR,A,h,ΦNPQ,0.5044409563333333,3,0.05447642752981225
Grammica,C_gracillima,CUGR,B,y,Fv.Fm,0.6300882228,5,0.039363782785030735
Grammica,C_gracillima,CUGR,B,y,φPSII,0.2578127764,5,0.03738057536663703
Grammica,C_gracillima,CUGR,B,y,ΦNPQ,0.438951655,5,0.06549490087048575
Grammica,C_gracillima,CUGR,B,o,Fv.Fm,0.5534697875,2,0.0639876532142368
Grammica,C_gracillima,CUGR,B,o,φPSII,0.0626988335,2,0.05792576820048073
Grammica,C_gracillima,CUGR,B,o,ΦNPQ,0.424431351,1,NA
Grammica,C_gracillima,CUGR,B,h,Fv.Fm,0.5662273369999999,3,0.055945009412716094
Grammica,C_gracillima,CUGR,B,h,φPSII,0.058304081333333334,3,0.03476100778679186
Grammica,C_gracillima,CUGR,B,h,ΦNPQ,0.496587833,3,0.086894416097693
Grammica,C_gracillima,CUGR,C,y,Fv.Fm,0.54945362825,4,0.032835242121314966
Grammica,C_gracillima,CUGR,C,y,φPSII,0.21451316775,4,0.02691046690027845
Grammica,C_gracillima,CUGR,C,y,ΦNPQ,0.42586104999999996,3,0.09842184875133435
Grammica,C_gracillima,CUGR,C,o,Fv.Fm,0.5794480905,4,0.011987131489643263
Grammica,C_gracillima,CUGR,C,o,φPSII,0.20269724375,4,0.023549573321065918
Grammica,C_gracillima,CUGR,C,o,ΦNPQ,0.47124888825,4,0.02877795335201962
Grammica,C_indecora,ss16-17,-,sdlg,Fv.Fm,0.7516216281428572,7,0.03287385916600456
Grammica,C_indecora,ss16-17,-,sdlg,φPSII,0.34876216514285713,7,0.06636550922255212
Grammica,C_indecora,ss16-17,-,sdlg,ΦNPQ,0.1989402598,5,0.027717569164095793
Grammica,C_indecora,ss16-17,A,y,φPSII,0,3,0
Grammica,C_indecora,ss16-17,A,y,ΦNPQ,0,3,0
Grammica,C_indecora,ss16-17,A,o,Fv.Fm,0.58185168,3,0.05821688904229362
Grammica,C_indecora,ss16-17,A,o,φPSII,0.3277456383333333,3,0.028751770143015647
Grammica,C_indecora,ss16-17,A,o,ΦNPQ,0.093378872,3,0.017736185365636235
Grammica,C_indecora,ss16-17,A,h,Fv.Fm,0.6383739653333333,3,0.02148624296557239
Grammica,C_indecora,ss16-17,A,h,φPSII,0.17607809333333335,3,0.026944112967258918
Grammica,C_indecora,ss16-17,A,h,ΦNPQ,0.34311059433333335,3,0.06650124648816405
Grammica,C_indecora,ss16-17,A,f,φPSII,0,3,0
Grammica,C_indecora,ss16-17,A,f,ΦNPQ,0,3,0
Grammica,C_indecora,ss16-17,A,s,Fv.Fm,0.6018696195,2,0.005472468378123441
Grammica,C_indecora,ss16-17,A,s,φPSII,0.08405796300000001,2,0.17134251887203508
Grammica,C_indecora,ss16-17,A,s,ΦNPQ,0.2872895105,2,0.09926367327749133
Grammica,C_indecora,ss16-17,B,y,Fv.Fm,0.6764714456666667,3,0.06345381289686922
Grammica,C_indecora,ss16-17,B,y,φPSII,0.5525685773333333,3,0.038230986534351585
Grammica,C_indecora,ss16-17,B,y,ΦNPQ,0.08688739633333334,3,0.018007616587149236
Grammica,C_indecora,ss16-17,B,o,Fv.Fm,0.5603768345,2,0.14216073466488258
Grammica,C_indecora,ss16-17,B,o,φPSII,0.2314176845,2,0.12132059652439954
Grammica,C_indecora,ss16-17,B,o,ΦNPQ,0.22769124899999998,2,0.022143873339363605
Grammica,C_indecora,ss16-17,B,f,Fv.Fm,0.57299657,3,0.07024117304445317
Grammica,C_indecora,ss16-17,B,f,φPSII,0.09613309966666667,3,0.07416747489640456
Grammica,C_indecora,ss16-17,B,f,ΦNPQ,0.2537055543333333,3,0.05265948401781298
Grammica,C_indecora,ss16-17,B,s,Fv.Fm,0.685785657,2,0.11318254205638296
Grammica,C_indecora,ss16-17,B,s,φPSII,0.13250295499999998,2,0.11094349974746426
Grammica,C_indecora,ss16-17,B,s,ΦNPQ,0.21953182,2,0.008275016101784948
Grammica,C_indecora,ss16-17,C,y,Fv.Fm,0.6432822033333333,3,0.06536200305977848
Grammica,C_indecora,ss16-17,C,y,φPSII,0.52450035800000006,3,0.08147312858259838
Grammica,C_indecora,ss16-17,C,y,ΦNPQ,0.126725149,3,0.07309998735755559
Grammica,C_indecora,ss16-17,C,o,φPSII,0,3,0
Grammica,C_indecora,ss16-17,C,o,ΦNPQ,0,3,0
Grammica,C_indecora,ss16-17,C,f,Fv.Fm,0.310463122,1,NA
Grammica,C_indecora,ss16-17,C,f,φPSII,0.008291874000000001,3,0.014361947057959377
Grammica,C_indecora,ss16-17,C,f,ΦNPQ,0.128324825,3,0.04592196208496108
Grammica,C_indecora,ss16-17,D,h,Fv.Fm,0.5,1,NA
Grammica,C_indecora,ss16-17,D,h,φPSII,0.048543689,1,NA
Grammica,C_indecora,ss16-17,D,h,ΦNPQ,0.261315466,1,NA
Grammica,C_indecora,ss16-17,D,f,Fv.Fm,0.7093966746666667,6,0.025483539549955473
Grammica,C_indecora,ss16-17,D,f,φPSII,0.1449688385,6,0.07520450856764838
Grammica,C_indecora,ss16-17,D,f,ΦNPQ,0.279770878,6,0.03803607078206537
Grammica,C_indecora,ss16-17,D,s,Fv.Fm,0.7282118595,2,0.004860307652873849
Grammica,C_indecora,ss16-17,D,s,φPSII,0.2490289545,2,0.013358126030342898
Grammica,C_indecora,ss16-17,D,s,ΦNPQ,0.3980933815,2,0.03549654474799642
Grammica,C_indecora,ss16-17,E,f,Fv.Fm,0.490348602,3,0.07684382374203755
Grammica,C_indecora,ss16-17,E,f,φPSII,0.20750929533333334,3,0.1175847501126117
Grammica,C_indecora,ss16-17,E,f,ΦNPQ,0.22154126666666668,3,0.030120364231747514
Grammica,C_indecora,ss16-17,E,s,Fv.Fm,0.455187231,2,0.021678112002090928
Grammica,C_indecora,ss16-17,E,s,φPSII,0.10941915199999999,2,0.07392984537961682
Grammica,C_indecora,ss16-17,E,s,ΦNPQ,0.271668303,2,0.08920962671882247
Grammica,C_polygonorum,1705,A,y,Fv.Fm,0.5780835046666666,3,0.043850962165791194
Grammica,C_polygonorum,1705,A,y,φPSII,0.26642508600000003,3,0.05650316991754442
Grammica,C_polygonorum,1705,A,y,ΦNPQ,0.3084442783333333,3,0.07863969759972068
Grammica,C_polygonorum,1705,A,o,Fv.Fm,0.42484994,2,0.08132152389135364
Grammica,C_polygonorum,1705,A,o,φPSII,0.03157630066666667,3,0.02779771292586317
Grammica,C_polygonorum,1705,A,o,ΦNPQ,0.142253231,3,0.12559971415237708
Grammica,C_polygonorum,1705,A,h,Fv.Fm,0.5934861925,4,0.06602228936911717
Grammica,C_polygonorum,1705,A,h,φPSII,0.12724363525000001,4,0.02736722518495193
Grammica,C_polygonorum,1705,A,h,ΦNPQ,0.292901749,4,0.01514924896146279
Grammica,C_polygonorum,1705,A,f,Fv.Fm,0.5264670316,5,0.042069974007528176
Grammica,C_polygonorum,1705,A,f,φPSII,0.1398211392,5,0.03595020738661445
Grammica,C_polygonorum,1705,A,f,ΦNPQ,0.1587320586,5,0.033761720397795555
Grammica,C_polygonorum,1705,A,s,Fv.Fm,0.5170360898333333,6,0.08423671079947462
Grammica,C_polygonorum,1705,A,s,φPSII,0.09387375466666667,6,0.02997802042864326
Grammica,C_polygonorum,1705,A,s,ΦNPQ,0.194795992,3,0.05038805988514727
Grammica,C_polygonorum,1705,B,y,Fv.Fm,0.6055784526666667,3,0.04778887235508542
Grammica,C_polygonorum,1705,B,y,φPSII,0.30947108133333334,3,0.028179364236617196
Grammica,C_polygonorum,1705,B,y,ΦNPQ,0.29696512166666666,3,0.030982537016882788
Grammica,C_polygonorum,1705,B,o,Fv.Fm,0.479266839,3,0.033433622150896444
Grammica,C_polygonorum,1705,B,o,φPSII,0.19137809866666666,3,0.027191599386724313
Grammica,C_polygonorum,1705,B,o,ΦNPQ,0.324203774,3,0.025818100891342344
Grammica,C_polygonorum,1705,C,y,Fv.Fm,0.5538817423333333,3,0.01742867678921615
Grammica,C_polygonorum,1705,C,y,φPSII,0.29641091833333333,3,0.04778700456419249
Grammica,C_polygonorum,1705,C,y,ΦNPQ,0.28847432733333334,3,0.09254961790699037
Grammica,C_polygonorum,1705,C,o,Fv.Fm,0.4611771075,4,0.060935675689798616
Grammica,C_polygonorum,1705,C,o,φPSII,0.16614365425,4,0.0630684082642208
Grammica,C_polygonorum,1705,C,o,ΦNPQ,0.29427962825,4,0.07188680386209849
Grammica,C_polygonorum,1705,C,h,Fv.Fm,0.304733728,1,NA
Grammica,C_polygonorum,1705,C,h,φPSII,0.049825335666666665,3,0.02839569114460899
Grammica,C_polygonorum,1705,C,h,ΦNPQ,0.36072492033333337,3,0.11383942148056601
Grammica,C_polygonorum,1705,C,f,Fv.Fm,0.48760206,2,0.11818226076091529
Grammica,C_polygonorum,1705,C,f,φPSII,0.0375934455,2,0.01131598326149984
Grammica,C_polygonorum,1705,C,f,ΦNPQ,0.40842474949999996,2,0.019596209326048563
Grammica,C_polygonorum,1705,C,s,Fv.Fm,0.6274502392,5,0.06900185838139775
Grammica,C_polygonorum,1705,C,s,φPSII,0.3003613468,5,0.09070982909270732
Grammica,C_polygonorum,1705,C,s,ΦNPQ,0.2515388998,5,0.0440029952256523
Grammica,C_polygonorum,1705,D,y,Fv.Fm,0.662264382,5,0.03176787923590022
Grammica,C_polygonorum,1705,D,y,φPSII,0.4704327912,5,0.01460303837721523
Grammica,C_polygonorum,1705,D,y,ΦNPQ,0.1090756484,5,0.029763103649000394
Grammica,C_polygonorum,1705,D,o,Fv.Fm,0.6183607329999999,4,0.025686984962829878
Grammica,C_polygonorum,1705,D,o,φPSII,0.2194602465,4,0.027311737132364924
Grammica,C_polygonorum,1705,D,o,ΦNPQ,0.251793819,4,0.06566745852795279
Grammica,C_polygonorum,1705,D,h,Fv.Fm,0.555626394,5,0.10826030950978133
Grammica,C_polygonorum,1705,D,h,φPSII,0.17335930060000002,5,0.056137930976782824
Grammica,C_polygonorum,1705,D,h,ΦNPQ,0.26690617640000003,5,0.0218384002781965
Grammica,C_polygonorum,1705,S,sdlg,Fv.Fm,0.65269271875,4,0.03457878752998167
Grammica,C_polygonorum,1705,S,sdlg,φPSII,0.2371736425,4,0.059655166852786976
Grammica,C_polygonorum,1705,S,sdlg,ΦNPQ,0.3572371603333333,3,0.11990279847532634
Grammica,C_polygonorum,1705,X,s,Fv.Fm,0.6335754659999999,2,0.011393621464753765
Grammica,C_polygonorum,1705,X,s,φPSII,0.25764493,2,0.05503408542440994
Grammica,C_polygonorum,1705,X,s,ΦNPQ,0.2933297975,2,0.11635908704189542
Grammica,C_sandwichiana,155,-,sdlg,Fv.Fm,0.506592079,3,0.02374258552472458
Grammica,C_sandwichiana,155,-,sdlg,φPSII,0.14886665300000002,3,0.03501831584577722
Grammica,C_sandwichiana,155,-,sdlg,ΦNPQ,0.310780626,4,0.11741487533518016
Grammica,C_sandwichiana,155,A,y,Fv.Fm,0.3578945493333333,3,0.020408067209533896
Grammica,C_sandwichiana,155,A,y,φPSII,0.15028564633333333,3,0.028136421096960865
Grammica,C_sandwichiana,155,A,y,ΦNPQ,0.11263428633333333,3,0.01375088231152439
Grammica,C_sandwichiana,155,A,o,Fv.Fm,0.2917707863333333,3,0.06764858581902983
Grammica,C_sandwichiana,155,A,o,φPSII,0.05534614666666667,3,0.011968456770766496
Grammica,C_sandwichiana,155,A,o,ΦNPQ,0.23296425133333334,3,0.03274753722199311
Grammica,C_sandwichiana,155,A,h,Fv.Fm,0.5195218356,5,0.042573797710383436
Grammica,C_sandwichiana,155,A,h,φPSII,0.1450526432,5,0.022376816527911104
Grammica,C_sandwichiana,155,A,h,ΦNPQ,0.223082417,5,0.07000379603113331
Grammica,C_sandwichiana,155,A,f,Fv.Fm,0.42255897833333333,3,0.04020321480638762
Grammica,C_sandwichiana,155,A,f,φPSII,0.005151164333333333,3,0.004733992865815741
Grammica,C_sandwichiana,155,A,f,ΦNPQ,0.21860233966666667,3,0.1189467075010027
Grammica,C_sandwichiana,155,A,s,Fv.Fm,0.6350864996666666,3,0.08755072210670825
Grammica,C_sandwichiana,155,A,s,φPSII,0.09753140966666667,3,0.15054717668459947
Grammica,C_sandwichiana,155,A,s,ΦNPQ,0.178789936,3,0.049383889825191776
Grammica,C_sandwichiana,155,B,y,Fv.Fm,0.5085034015000001,2,0.0240512507481007
Grammica,C_sandwichiana,155,B,y,φPSII,0.27702383750000004,2,0.017606741769763207
Grammica,C_sandwichiana,155,B,y,ΦNPQ,0.168554394,2,0.012796491620143069
Grammica,C_sandwichiana,155,B,o,Fv.Fm,0.5096227466666666,3,0.012795110033744993
Grammica,C_sandwichiana,155,B,o,φPSII,0.23373008066666667,3,0.03311637141183516
Grammica,C_sandwichiana,155,B,o,ΦNPQ,0.204427863,3,0.022561467669796685
Grammica,C_sandwichiana,155,B,h,Fv.Fm,0.5382724336666667,3,0.10836410337144062
Grammica,C_sandwichiana,155,B,h,φPSII,0.21997265766666665,3,0.022950414796008244
Grammica,C_sandwichiana,155,B,h,ΦNPQ,0.18596927966666665,3,0.09313876317191463
Grammica,C_sandwichiana,155,C,y,Fv.Fm,0.5645778636666667,3,0.031875156862201125
Grammica,C_sandwichiana,155,C,y,φPSII,0.26619625199999997,3,0.03740259942137242
Grammica,C_sandwichiana,155,C,y,ΦNPQ,0.28751624666666664,3,0.08128267519493229
Grammica,C_sandwichiana,155,C,o,Fv.Fm,0.5381530546666666,3,0.09182206450964882
Grammica,C_sandwichiana,155,C,o,φPSII,0.168093052,3,0.021535427889049528
Grammica,C_sandwichiana,155,C,o,ΦNPQ,0.25884361533333333,3,0.024084282438854812
Grammica,C_sandwichiana,155,C,h,Fv.Fm,0.624097278,3,0.019507143742446664
Grammica,C_sandwichiana,155,C,h,φPSII,0.19211353966666667,3,0.028770572283625288
Grammica,C_sandwichiana,155,C,h,ΦNPQ,0.30016772866666663,3,0.15855153516592924
Grammica,C_sandwichiana,155,C,f,Fv.Fm,0.5091272426666666,3,0.06186275292409075
Grammica,C_sandwichiana,155,C,f,φPSII,0.044892139666666664,3,0.03810201589895921
Grammica,C_sandwichiana,155,C,f,ΦNPQ,0.238290537,3,0.036095219945173784
Grammica,C_sandwichiana,155,C,s,Fv.Fm,0.643628518,3,0.03127029371135353
Grammica,C_sandwichiana,155,C,s,φPSII,0.094538957,3,0.1244352048842934
Grammica,C_sandwichiana,155,C,s,ΦNPQ,0.17867634366666665,3,0.02232062356875638
Grammica,C_sandwichiana,155,D,y,Fv.Fm,0.723232323,1,NA
Grammica,C_sandwichiana,155,D,y,φPSII,0.1502192983333333,3,0.2601874569906801
Grammica,C_sandwichiana,155,D,y,ΦNPQ,0.07065612266666665,3,0.12237999432448564
Grammica,C_sandwichiana,155,D,o,Fv.Fm,0.35970510666666666,3,0.01803354512540282
Grammica,C_sandwichiana,155,D,o,φPSII,0.077595112,3,0.022918823001121524
Grammica,C_sandwichiana,155,D,o,ΦNPQ,0.18952671799999998,3,0.006964303167102435
Grammica,C_sandwichiana,155,D,h,Fv.Fm,0.516109136,3,0.09455567424120001
Grammica,C_sandwichiana,155,D,h,φPSII,0.152924756,3,0.039216400941759266
Grammica,C_sandwichiana,155,D,h,ΦNPQ,0.24527508266666667,3,0.04862458146680283
Grammica,C_sandwichiana,155,S1,sdlg,Fv.Fm,0.5003519825,2,0.050618373988634245
Grammica,C_sandwichiana,155,S1,sdlg,φPSII,0.1833143515,2,0.0843788987568192
Grammica,C_sandwichiana,155,S1,sdlg,ΦNPQ,0.200287379,2,0.03276811312871172
Grammica,C_sandwichiana,155,S2,sdlg,Fv.Fm,0.512820513,1,NA
Grammica,C_sandwichiana,155,S2,sdlg,φPSII,0.128201581,2,0.0320828389765011
Grammica,C_sandwichiana,155,S2,sdlg,ΦNPQ,0.260394477,1,NA
Grammica,C_tasmanica,17-15,-,sdlg,Fv.Fm,0.6358148546666667,3,0.07870375550926072
Grammica,C_tasmanica,17-15,-,sdlg,φPSII,0.2611740576666667,3,0.06085803749178559
Grammica,C_tasmanica,17-15,-,sdlg,ΦNPQ,0.23882685399999998,2,0.04782527745421001
Grammica,C_tasmanica,17-15,A,y,Fv.Fm,0.6380835643,10,0.07689695504488954
Grammica,C_tasmanica,17-15,A,y,φPSII,0.3714715589090909,11,0.1554013452043243
Grammica,C_tasmanica,17-15,A,y,ΦNPQ,0.15187091154545454,11,0.10436487343337336
Grammica,C_tasmanica,17-15,A,o,Fv.Fm,0.2998620415,2,0.18437175256788535
Grammica,C_tasmanica,17-15,A,o,φPSII,0.0131578948,5,0.029421947213591
Grammica,C_tasmanica,17-15,A,o,ΦNPQ,0.0556241312,5,0.07914771836551374
Grammica,C_tasmanica,17-15,A,h,Fv.Fm,0.704733282125,8,0.038658525203850026
Grammica,C_tasmanica,17-15,A,h,φPSII,0.27938059725000003,8,0.06646646651740612
Grammica,C_tasmanica,17-15,A,h,ΦNPQ,0.24469177775,8,0.06440253288491044
Grammica,C_tasmanica,17-15,A,f,Fv.Fm,0.6638481163333333,6,0.058585700358931576
Grammica,C_tasmanica,17-15,A,f,φPSII,0.11249878516666667,6,0.04087638864387733
Grammica,C_tasmanica,17-15,A,f,ΦNPQ,0.18536538966666666,6,0.03428508111686527
Grammica,C_tasmanica,17-15,B,y,Fv.Fm,0.5002354278181819,11,0.10085230752424791
Grammica,C_tasmanica,17-15,B,y,φPSII,0.2815775079090909,11,0.12038140591296899
Grammica,C_tasmanica,17-15,B,y,ΦNPQ,0.1613469329090909,11,0.06683183805509638
Grammica,C_tasmanica,17-15,B,o,Fv.Fm,0.4244610688888889,9,0.16939719141853635
Grammica,C_tasmanica,17-15,B,o,φPSII,0.14756952010000002,10,0.10470348106363475
Grammica,C_tasmanica,17-15,B,o,ΦNPQ,0.0865295668,10,0.05062049954665691
Grammica,C_tasmanica,17-15,B,h,Fv.Fm,0.7193137656,10,0.05461825021554113
Grammica,C_tasmanica,17-15,B,h,φPSII,0.2321678339,10,0.03538932721726545
Grammica,C_tasmanica,17-15,B,h,ΦNPQ,0.2536329631,10,0.07367049221039877
Grammica,C_tasmanica,17-15,B,f,Fv.Fm,0.5959771613333333,9,0.12068737355227739
Grammica,C_tasmanica,17-15,B,f,φPSII,0.10742059666666667,9,0.047025816826568596
Grammica,C_tasmanica,17-15,B,f,ΦNPQ,0.24190403855555556,9,0.03964416689653614
Grammica,C_tasmanica,17-15,C,y,Fv.Fm,0.5679632195714286,7,0.12355604237025923
Grammica,C_tasmanica,17-15,C,y,φPSII,0.31294166128571427,7,0.1510593591081803
Grammica,C_tasmanica,17-15,C,y,ΦNPQ,0.23222752214285713,7,0.06355398153688017
Grammica,C_tasmanica,17-15,C,o,Fv.Fm,0.49070908733333335,3,0.07102788664537084
Grammica,C_tasmanica,17-15,C,o,φPSII,0.24339970366666666,3,0.042715854953578505
Grammica,C_tasmanica,17-15,C,o,ΦNPQ,0.21482433866666667,3,0.09069442588182394
Grammica,C_tasmanica,17-15,C,h,Fv.Fm,0.67883694075,4,0.033390103155471494
Grammica,C_tasmanica,17-15,C,h,φPSII,0.26424590724999997,4,0.03380887611023896
Grammica,C_tasmanica,17-15,C,h,ΦNPQ,0.31628666075,4,0.07788160496453636
Grammica,C_tasmanica,17-15,C,f,Fv.Fm,0.6239526971666667,6,0.06512204797223994
Grammica,C_tasmanica,17-15,C,f,φPSII,0.09435882083333333,6,0.019697502273962282
Grammica,C_tasmanica,17-15,C,f,ΦNPQ,0.22275810483333333,6,0.0462492027452331
Grammica,C_tasmanica,17-15,D,y,Fv.Fm,0.4704697187142857,7,0.11499854967339757
Grammica,C_tasmanica,17-15,D,y,φPSII,0.28784622,7,0.09961897863636579
Grammica,C_tasmanica,17-15,D,y,ΦNPQ,0.137546702,7,0.04681812664309837
Grammica,C_tasmanica,17-15,D,o,Fv.Fm,0.21902965266666666,3,0.0729667053923482
Grammica,C_tasmanica,17-15,D,o,φPSII,0,3,0
Grammica,C_tasmanica,17-15,D,o,ΦNPQ,0.10264174499999999,3,0.05791709559486447
Grammica,C_tasmanica,17-15,D,h,Fv.Fm,0.737960319,3,0.010454581895293405
Grammica,C_tasmanica,17-15,D,h,φPSII,0.19494236766666667,3,0.030109338409011012
Grammica,C_tasmanica,17-15,D,h,ΦNPQ,0.180652326,3,0.016826020893276963
Grammica,C_tasmanica,17-15,D,f,Fv.Fm,0.44545300066666665,3,0.14824401089337813
Grammica,C_tasmanica,17-15,D,f,φPSII,0.08537414966666666,3,0.09012193461141942
Grammica,C_tasmanica,17-15,D,f,ΦNPQ,0.14625827533333333,3,0.025452348270494828
Ipomoea_nil,Ipomoea_nil,IPNI,A,l,Fv.Fm,0.720882797,3,0.014322540245328398
Ipomoea_nil,Ipomoea_nil,IPNI,A,l,φPSII,0.390000016,3,0.04362020079629778
Ipomoea_nil,Ipomoea_nil,IPNI,A,l,ΦNPQ,0.30243228666666666,3,0.02637364311426878
Ipomoea_nil,Ipomoea_nil,IPNI,A,y,Fv.Fm,0.6857331605,2,0.02760476355105181
Ipomoea_nil,Ipomoea_nil,IPNI,A,y,φPSII,0.1661160515,2,0.04549080896384984
Ipomoea_nil,Ipomoea_nil,IPNI,A,y,ΦNPQ,0.558945327,2,0.0018609141292521112
Ipomoea_nil,Ipomoea_nil,IPNI,A,o,Fv.Fm,0.685751343,1,NA
Ipomoea_nil,Ipomoea_nil,IPNI,A,o,φPSII,0.2105248455,2,0.02608816375519006
Ipomoea_nil,Ipomoea_nil,IPNI,A,o,ΦNPQ,0.3851391225,2,0.03138172068264441
Ipomoea_nil,Ipomoea_nil,IPNI,A,s,Fv.Fm,0.800735577,2,0.026944175203679206
Ipomoea_nil,Ipomoea_nil,IPNI,A,s,φPSII,0.1850023925,2,0.01845141334680249
Ipomoea_nil,Ipomoea_nil,IPNI,A,s,ΦNPQ,0.22766102,2,0.06375493518016011
Ipomoea_nil,Ipomoea_nil,IPNI,B,l,Fv.Fm,0.750059604,2,0.01401273225434667
Ipomoea_nil,Ipomoea_nil,IPNI,B,l,φPSII,0.312976188,2,0.033136497376933624
Ipomoea_nil,Ipomoea_nil,IPNI,B,l,ΦNPQ,0.402372925,2,0.036348124051181104
Ipomoea_nil,Ipomoea_nil,IPNI,B,y,Fv.Fm,0.733142857,1,NA
Ipomoea_nil,Ipomoea_nil,IPNI,B,y,φPSII,0.196683378,1,NA
Ipomoea_nil,Ipomoea_nil,IPNI,B,y,ΦNPQ,0.505745193,1,NA
Ipomoea_nil,Ipomoea_nil,IPNI,B,o,Fv.Fm,0.706873315,1,NA
Ipomoea_nil,Ipomoea_nil,IPNI,B,o,ΦNPQ,0.31376426,1,NA
Ipomoea_nil,Ipomoea_nil,IPNI,B,f,Fv.Fm,0.674751463,3,0.033702461709309565
Ipomoea_nil,Ipomoea_nil,IPNI,B,f,φPSII,0.12729339225,4,0.02323639361179537
Ipomoea_nil,Ipomoea_nil,IPNI,B,f,ΦNPQ,0.42747758199999997,4,0.03261857244569418
Ipomoea_nil,Ipomoea_nil,IPNI,B,s,Fv.Fm,0.7706371983333333,9,0.023987876337584438
Ipomoea_nil,Ipomoea_nil,IPNI,B,s,φPSII,0.1809258271111111,9,0.03074486674200005
Ipomoea_nil,Ipomoea_nil,IPNI,B,s,ΦNPQ,0.18606710933333334,9,0.028807996587649244
Ipomoea_nil,Ipomoea_nil,IPNI,C,l,Fv.Fm,0.7575511675,2,0.012566436550204426
Ipomoea_nil,Ipomoea_nil,IPNI,C,l,φPSII,0.4047278865,2,0.00997736082824913
Ipomoea_nil,Ipomoea_nil,IPNI,C,l,ΦNPQ,0.33548052549999996,2,0.027699043512401003
Ipomoea_nil,Ipomoea_nil,IPNI,C,y,Fv.Fm,0.711061618,1,NA
Ipomoea_nil,Ipomoea_nil,IPNI,C,y,φPSII,0.179816514,1,NA
Ipomoea_nil,Ipomoea_nil,IPNI,C,y,ΦNPQ,0.488334934,1,NA
Ipomoea_nil,Ipomoea_nil,IPNI,C,o,Fv.Fm,0.73231456,1,NA
Ipomoea_nil,Ipomoea_nil,IPNI,C,o,φPSII,0.266460587,1,NA
Ipomoea_nil,Ipomoea_nil,IPNI,C,o,ΦNPQ,0.32608749,1,NA
Ipomoea_nil,Ipomoea_nil,IPNI,D,l,Fv.Fm,0.7520609869999999,2,0.016515147797626833
Ipomoea_nil,Ipomoea_nil,IPNI,D,l,φPSII,0.357592279,2,0.09229008649937345
Ipomoea_nil,Ipomoea_nil,IPNI,D,l,ΦNPQ,0.3729769575,2,0.1050234879311787
Ipomoea_nil,Ipomoea_nil,IPNI,D,y,Fv.Fm,0.715755806,1,NA
Ipomoea_nil,Ipomoea_nil,IPNI,D,y,φPSII,0.191684285,1,NA
Ipomoea_nil,Ipomoea_nil,IPNI,D,y,ΦNPQ,0.489305842,1,NA
Ipomoea_nil,Ipomoea_nil,IPNI,D,o,Fv.Fm,0.723054703,1,NA
Ipomoea_nil,Ipomoea_nil,IPNI,D,o,φPSII,0.224113475,1,NA
Ipomoea_nil,Ipomoea_nil,IPNI,D,o,ΦNPQ,0.282115086,1,NA
Ipomoea_nil,Ipomoea_nil,IPNI,E,l,Fv.Fm,0.744014137,2,0.010774955357117384
Ipomoea_nil,Ipomoea_nil,IPNI,E,l,φPSII,0.37254902,1,NA
Ipomoea_nil,Ipomoea_nil,IPNI,E,l,ΦNPQ,0.340568313,1,NA
Ipomoea_nil,Ipomoea_nil,IPNI,E,y,Fv.Fm,0.687324734,1,NA
Ipomoea_nil,Ipomoea_nil,IPNI,E,y,φPSII,0.189096454,1,NA
Ipomoea_nil,Ipomoea_nil,IPNI,E,y,ΦNPQ,0.512670231,1,NA
Ipomoea_nil,Ipomoea_nil,IPNI,E,o,Fv.Fm,0.681243063,1,NA
Ipomoea_nil,Ipomoea_nil,IPNI,E,o,φPSII,0.206752523,1,NA
Ipomoea_nil,Ipomoea_nil,IPNI,E,o,ΦNPQ,0.287365124,1,NA
Ipomoea_nil,Ipomoea_nil,IPNI,E,f,Fv.Fm,0.6817769356000001,5,0.030879246715294198
Ipomoea_nil,Ipomoea_nil,IPNI,E,f,φPSII,0.1337642698,5,0.03814489917692976
Ipomoea_nil,Ipomoea_nil,IPNI,E,f,ΦNPQ,0.4713420832,5,0.0630176493249746
Ipomoea_nil,Ipomoea_nil,IPNI,E,s,Fv.Fm,0.7880331045,2,0.014220350826118376
Ipomoea_nil,Ipomoea_nil,IPNI,E,s,φPSII,0.20225063599999998,2,0.03533135541152309
Ipomoea_nil,Ipomoea_nil,IPNI,E,s,ΦNPQ,0.20114870899999998,2,0.048481915195996136
Monogynella,C_lupuliformis,CULU,-,sdlg,Fv.Fm,0.7939543250000001,4,0.021378445739061593
Monogynella,C_lupuliformis,CULU,-,sdlg,φPSII,0.441243773,3,0.04501423416616896
Monogynella,C_lupuliformis,CULU,-,sdlg,ΦNPQ,0.3269060183333333,3,0.07905624426453049
Monogynella,C_monogyna,CUMO,-,sdlg,Fv.Fm,0.76637510275,4,0.026127357171480133
Monogynella,C_monogyna,CUMO,-,sdlg,φPSII,0.38479507125,4,0.03533350727920253
Monogynella,C_monogyna,CUMO,-,sdlg,ΦNPQ,0.33104316025,4,0.03827234437844167
Monogynella,C_monogyna,CUMO,A,y,Fv.Fm,0.767831503,2,0.015444532976581445
Monogynella,C_monogyna,CUMO,A,y,φPSII,0.5575136955,2,0.014310645533648742
Monogynella,C_monogyna,CUMO,A,y,ΦNPQ,0.14880970100000002,2,0.010605840870901653
Monogynella,C_monogyna,CUMO,A,o,Fv.Fm,0.788167166,2,0.0072195673069824565
Monogynella,C_monogyna,CUMO,A,o,φPSII,0.533222809,2,0.022627401441620325
Monogynella,C_monogyna,CUMO,A,o,ΦNPQ,0.1844397505,2,0.033977191478328686
Monogynella,C_monogyna,CUMO,A,h,Fv.Fm,0.5669966923333334,3,0.049795564064920944
Monogynella,C_monogyna,CUMO,A,h,φPSII,0.12699585866666668,3,0.049771865759675925
Monogynella,C_monogyna,CUMO,A,h,ΦNPQ,0.4679195,3,0.019004845398354307
Monogynella,C_monogyna,CUMO,B,y,Fv.Fm,0.761352483,3,0.05706336134830144
Monogynella,C_monogyna,CUMO,B,y,φPSII,0.5803560704999999,2,0.028975975121633888
Monogynella,C_monogyna,CUMO,B,y,ΦNPQ,0.18217629500000002,3,0.07927250205116171
Monogynella,C_monogyna,CUMO,B,o,Fv.Fm,0.7718021294999999,4,0.022123660087358443
Monogynella,C_monogyna,CUMO,B,o,φPSII,0.473072094,4,0.027720334398115925
Monogynella,C_monogyna,CUMO,B,o,ΦNPQ,0.17660405225,4,0.020152865500194815
Monogynella,C_monogyna,CUMO,B,h,Fv.Fm,0.656193078,1,NA
Monogynella,C_monogyna,CUMO,B,h,φPSII,0.166843298,2,8.620084211003917e-4
Monogynella,C_monogyna,CUMO,B,h,ΦNPQ,0.495939301,2,0.021374768849816178
Monogynella,C_monogyna,CUMO,C,y,Fv.Fm,0.7529948303333334,3,0.039362548455392964
Monogynella,C_monogyna,CUMO,C,y,φPSII,0.558881642,3,0.05612524846879703
Monogynella,C_monogyna,CUMO,C,y,ΦNPQ,0.143464621,3,0.0642955560200398
Monogynella,C_monogyna,CUMO,C,o,Fv.Fm,0.7583477363333333,3,0.040227978071932624
Monogynella,C_monogyna,CUMO,C,o,φPSII,0.512087864,3,0.025564532847375126
Monogynella,C_monogyna,CUMO,C,o,ΦNPQ,0.20593478866666667,3,0.027354894767543637
Monogynella,C_monogyna,CUMO,C,h,Fv.Fm,0.651902211,2,5.296908613597605e-4
Monogynella,C_monogyna,CUMO,C,h,φPSII,0.19054924699999998,2,0.020575742429716066
Monogynella,C_monogyna,CUMO,C,h,ΦNPQ,0.351451172,2,0.053419400018502636
Monogynella,C_monogyna,CUMO,C,f,Fv.Fm,0.6626897293333334,3,0.03185773597140309
Monogynella,C_monogyna,CUMO,C,f,φPSII,0.3640142365,2,0.01337006482123645
Monogynella,C_monogyna,CUMO,C,f,ΦNPQ,0.2929176176666667,3,0.02697789476917311
Monogynella,C_monogyna,CUMO,C,s,Fv.Fm,0.6448277062,5,0.026055750226970435
Monogynella,C_monogyna,CUMO,C,s,φPSII,0.0743221315,4,0.030804450775081524
Monogynella,C_monogyna,CUMO,C,s,ΦNPQ,0.33677262875,4,0.06241476544536351
Monogynella,C_monogyna,CUMO,D,y,Fv.Fm,0.7912342748333333,6,0.01588343242836139
Monogynella,C_monogyna,CUMO,D,y,φPSII,0.5687667408333333,6,0.024268126552103884
Monogynella,C_monogyna,CUMO,D,y,ΦNPQ,0.17158426066666665,6,0.020907625237389867
Monogynella,C_monogyna,CUMO,D,o,Fv.Fm,0.7361349973333333,3,0.07483769482503065
Monogynella,C_monogyna,CUMO,D,o,φPSII,0.49195220900000003,3,0.059327403346476036
Monogynella,C_monogyna,CUMO,D,o,ΦNPQ,0.22009364166666667,3,0.03319148654706099
Monogynella,C_monogyna,CUMO,D,h,Fv.Fm,0.48260312666666666,3,0.043192094411401
Monogynella,C_monogyna,CUMO,D,h,φPSII,0.1171734146,5,0.056223645152814666
Monogynella,C_monogyna,CUMO,D,h,ΦNPQ,0.43174849449999997,2,0.048639931641281116
Monogynella,C_monogyna,CUMO,D,f,Fv.Fm,0.6183050335,10,0.04944478437878749
Monogynella,C_monogyna,CUMO,D,f,φPSII,0.1768933831,10,0.06506181280791763
Monogynella,C_monogyna,CUMO,D,f,ΦNPQ,0.3351452116,10,0.0341449959210667
Monogynella,C_monogyna,CUMO,D,s,Fv.Fm,0.6154461803333333,3,0.07194496722207942
Monogynella,C_monogyna,CUMO,D,s,φPSII,0.224617115,3,0.04142625504045566
Monogynella,C_monogyna,CUMO,D,s,ΦNPQ,0.31611860233333333,3,0.01917072714932257
