Subgenus,Species,Accession.,Tissue.edit,Metric,mean,n,sd
C_purpurata,C_purpurata,1432,y,Fv.Fm,0,16,0
C_purpurata,C_purpurata,1432,y,φPSII,0,16,0
C_purpurata,C_purpurata,1432,y,ΦNPQ,0,16,0
C_purpurata,C_purpurata,1432,o,Fv.Fm,0,4,0
C_purpurata,C_purpurata,1432,o,φPSII,0,4,0
C_purpurata,C_purpurata,1432,o,ΦNPQ,0,4,0
C_purpurata,C_purpurata,1432,h,Fv.Fm,0,10,0
C_purpurata,C_purpurata,1432,h,φPSII,0,10,0
C_purpurata,C_purpurata,1432,h,ΦNPQ,0,10,0
C_purpurata,C_purpurata,1432,f,Fv.Fm,0,18,0
C_purpurata,C_purpurata,1432,f,φPSII,0,18,0
C_purpurata,C_purpurata,1432,f,ΦNPQ,0,18,0
Cuscuta,C_epithymum,CUEP,sdlg,Fv.Fm,0.5100969488,5,0.061372379143022945
Cuscuta,C_epithymum,CUEP,sdlg,φPSII,0.32223823620000003,5,0.047539959342264
Cuscuta,C_epithymum,CUEP,sdlg,ΦNPQ,0.228918849,3,0.04357212244250069
Cuscuta,C_epithymum,CUEP,y,Fv.Fm,0.34768004964285715,14,0.24443501951195287
Cuscuta,C_epithymum,CUEP,y,φPSII,0.27174283085714285,14,0.19457783369015708
Cuscuta,C_epithymum,CUEP,y,ΦNPQ,0.05436832528571429,14,0.063165071145022
Cuscuta,C_epithymum,CUEP,o,Fv.Fm,0.426864205375,16,0.27750026878461703
Cuscuta,C_epithymum,CUEP,o,φPSII,0.276374582125,16,0.20466160323043098
Cuscuta,C_epithymum,CUEP,o,ΦNPQ,0.1328848330625,16,0.07687408865539534
Cuscuta,C_epithymum,CUEP,h,Fv.Fm,0.5262527651538461,13,0.09641748597378859
Cuscuta,C_epithymum,CUEP,h,φPSII,0.2781964860769231,13,0.10054071737420482
Cuscuta,C_epithymum,CUEP,h,ΦNPQ,0.20646144923076923,13,0.06850793270049174
Cuscuta,C_epithymum,CUEP,f,Fv.Fm,0.4798288683571429,14,0.1784477225246672
Cuscuta,C_epithymum,CUEP,f,φPSII,0.061609797875,16,0.08851946146252346
Cuscuta,C_epithymum,CUEP,f,ΦNPQ,0.25751478866666666,15,0.06276943409324631
Cuscuta,C_epithymum,CUEP,s,Fv.Fm,0.6182493788333334,6,0.06736388978222492
Cuscuta,C_epithymum,CUEP,s,φPSII,0.1907942298,5,0.06163530938063505
Cuscuta,C_epithymum,CUEP,s,ΦNPQ,0.32608985716666666,6,0.039823559422824555
Grammica,C_australis,1382,sdlg,Fv.Fm,0.7295082936666667,6,0.022563233536101828
Grammica,C_australis,1382,sdlg,φPSII,0.1750697408,5,0.11195660537525078
Grammica,C_australis,1382,sdlg,ΦNPQ,0.4293254985,2,0.1140491403076
Grammica,C_australis,1382,y,Fv.Fm,0.530119343,9,0.06296585023578934
Grammica,C_australis,1382,y,φPSII,0.28525630366666666,9,0.046793484029907816
Grammica,C_australis,1382,y,ΦNPQ,0.2643509571111111,9,0.12583531107665308
Grammica,C_australis,1382,o,Fv.Fm,0.4546080341111111,9,0.06436891808313336
Grammica,C_australis,1382,o,φPSII,0.16445921144444445,9,0.04580009665250041
Grammica,C_australis,1382,o,ΦNPQ,0.3184605868888889,9,0.11105811981988373
Grammica,C_australis,1382,h,Fv.Fm,0.5427885394285714,7,0.06919184923726067
Grammica,C_australis,1382,h,φPSII,0.0814092375,10,0.07746145046883159
Grammica,C_australis,1382,h,ΦNPQ,0.3014848155,8,0.22266141672097023
Grammica,C_australis,1382,s,Fv.Fm,0.6534164069999999,2,0.03681402398138287
Grammica,C_australis,1382,s,φPSII,0.2334308105,2,0.055010696453408614
Grammica,C_australis,1382,s,ΦNPQ,0.2650951575,2,0.005309481679273448
Grammica,C_californica,ss17-105,sdlg,Fv.Fm,0.7696648887499999,4,0.02201172679329833
Grammica,C_californica,ss17-105,sdlg,φPSII,0.3434763855,2,0.14574639961317437
Grammica,C_californica,ss17-105,sdlg,ΦNPQ,0.257944082,3,0.0508402760821306
Grammica,C_californica,ss17-105,y,Fv.Fm,0.6201917300454546,22,0.11954641334870464
Grammica,C_californica,ss17-105,y,φPSII,0.4092202505652174,23,0.11479727107847064
Grammica,C_californica,ss17-105,y,ΦNPQ,0.14919292926086958,23,0.07097737564839582
Grammica,C_californica,ss17-105,o,Fv.Fm,0.6775593820526316,19,0.09163268008053446
Grammica,C_californica,ss17-105,o,φPSII,0.2928727628235294,17,0.10212069806162889
Grammica,C_californica,ss17-105,o,ΦNPQ,0.25459189547058825,17,0.1010423061547379
Grammica,C_californica,ss17-105,h,Fv.Fm,0.701305758909091,22,0.05154270045889027
Grammica,C_californica,ss17-105,h,φPSII,0.3385121782631579,19,0.07165103672288077
Grammica,C_californica,ss17-105,h,ΦNPQ,0.25058787354545453,22,0.062434042727192156
Grammica,C_californica,ss17-105,f,Fv.Fm,0.6762554320714286,42,0.06017030633663996
Grammica,C_californica,ss17-105,f,φPSII,0.33764235523809527,42,0.10686342790991377
Grammica,C_californica,ss17-105,f,ΦNPQ,0.2747575699285714,42,0.07289821378517237
Grammica,C_cephalanthii,1567,sdlg,Fv.Fm,0.7184136178333334,6,0.031767548061961234
Grammica,C_cephalanthii,1567,sdlg,φPSII,0.28368539816666666,6,0.1171233893449357
Grammica,C_cephalanthii,1567,sdlg,ΦNPQ,0.3041246008333333,6,0.10494920641993137
Grammica,C_cephalanthii,1567,y,Fv.Fm,0.57554899265,20,0.07562243624365733
Grammica,C_cephalanthii,1567,y,φPSII,0.2788486021,20,0.05509091904776004
Grammica,C_cephalanthii,1567,y,ΦNPQ,0.28006721363157894,19,0.13395209266962985
Grammica,C_cephalanthii,1567,o,Fv.Fm,0.45147535093333335,30,0.10071220862030722
Grammica,C_cephalanthii,1567,o,φPSII,0.14982259775757575,33,0.10973501358605152
Grammica,C_cephalanthii,1567,o,ΦNPQ,0.2490059483030303,33,0.10047735587792476
Grammica,C_cephalanthii,1567,h,Fv.Fm,0.5617937261052631,19,0.0998339489884984
Grammica,C_cephalanthii,1567,h,φPSII,0.12763308568421053,19,0.039700792070344174
Grammica,C_cephalanthii,1567,h,ΦNPQ,0.4434253631578947,19,0.07155679322346298
Grammica,C_cephalanthii,1567,f,Fv.Fm,0.6282899642499999,20,0.07608977415620576
Grammica,C_cephalanthii,1567,f,φPSII,0.13585682065000002,20,0.08201535924328286
Grammica,C_cephalanthii,1567,f,ΦNPQ,0.36917433985,20,0.0393194991492264
Grammica,C_cephalanthii,1567,s,Fv.Fm,0.6242851955121951,41,0.06817713041923931
Grammica,C_cephalanthii,1567,s,φPSII,0.16105315955,40,0.07874266083233994
Grammica,C_cephalanthii,1567,s,ΦNPQ,0.37275045305128207,39,0.07497585518072787
Grammica,C_compacta,1566,sdlg,Fv.Fm,0.5223626435,6,0.06410058583910007
Grammica,C_compacta,1566,sdlg,φPSII,0.099773243,1,NA
Grammica,C_compacta,1566,sdlg,ΦNPQ,0.41719179733333334,3,0.0309092717141869
Grammica,C_compacta,1566,y,Fv.Fm,0.53980482125,8,0.04572603602947287
Grammica,C_compacta,1566,y,φPSII,0.23110582575,8,0.09601676872313523
Grammica,C_compacta,1566,y,ΦNPQ,0.193395780875,8,0.13844866909779008
Grammica,C_compacta,1566,o,Fv.Fm,0.43193847916666667,6,0.0937533398853546
Grammica,C_compacta,1566,o,φPSII,0.17026260628571427,7,0.09726938110978284
Grammica,C_compacta,1566,o,ΦNPQ,0.13799143657142857,7,0.09339674076310615
Grammica,C_compacta,1566,h,Fv.Fm,0.6247467325,4,0.05093930254850997
Grammica,C_compacta,1566,h,φPSII,0.090313805,6,0.07405004038943379
Grammica,C_compacta,1566,h,ΦNPQ,0.3213881688333333,6,0.2499406408659934
Grammica,C_compacta,1566,f,Fv.Fm,0.466706255,5,0.059762688892259545
Grammica,C_compacta,1566,f,φPSII,0.02073924822222222,9,0.027952972567153796
Grammica,C_compacta,1566,f,ΦNPQ,0.14348169033333333,9,0.14794728674298924
Grammica,C_compacta,1566,s,Fv.Fm,0.5495745683333333,3,0.0347168137018617
Grammica,C_compacta,1566,s,φPSII,0.15522975125,4,0.024961525069509966
Grammica,C_compacta,1566,s,ΦNPQ,0.30571697400000003,4,0.08927360199328759
Grammica,C_costaricensis,CUCO,sdlg,Fv.Fm,0.726358898,1,NA
Grammica,C_costaricensis,CUCO,sdlg,φPSII,0.302020202,1,NA
Grammica,C_costaricensis,CUCO,sdlg,ΦNPQ,0.440719932,1,NA
Grammica,C_costaricensis,CUCO,y,Fv.Fm,0.4998154247857143,14,0.10776209424605568
Grammica,C_costaricensis,CUCO,y,φPSII,0.308470655,14,0.12693897850353114
Grammica,C_costaricensis,CUCO,y,ΦNPQ,0.14420823946153846,13,0.1004242857171809
Grammica,C_costaricensis,CUCO,o,Fv.Fm,0.4829974463333333,12,0.10411727530365536
Grammica,C_costaricensis,CUCO,o,φPSII,0.2879816229166667,12,0.06994123779621923
Grammica,C_costaricensis,CUCO,o,ΦNPQ,0.12834082975,12,0.05878419206075773
Grammica,C_costaricensis,CUCO,h,Fv.Fm,0.6182836285833333,12,0.04131358791878789
Grammica,C_costaricensis,CUCO,h,φPSII,0.2711908010833333,12,0.060693764312182756
Grammica,C_costaricensis,CUCO,h,ΦNPQ,0.30925088275,12,0.04449565885946296
Grammica,C_denticulata,ss13-46,sdlg,Fv.Fm,0.7276193153333333,15,0.09855309239295122
Grammica,C_denticulata,ss13-46,sdlg,φPSII,0.2498645725,4,0.1915078989352115
Grammica,C_denticulata,ss13-46,sdlg,ΦNPQ,0.2279158923,10,0.09521937979757002
Grammica,C_denticulata,ss13-46,y,Fv.Fm,0.5832458045,18,0.10897912225547841
Grammica,C_denticulata,ss13-46,y,φPSII,0.3920842203888889,18,0.09734755725953104
Grammica,C_denticulata,ss13-46,y,ΦNPQ,0.14217027177777777,18,0.06927393686619371
Grammica,C_denticulata,ss13-46,o,Fv.Fm,0.6242220983333333,15,0.11983035605429153
Grammica,C_denticulata,ss13-46,o,φPSII,0.27005268457142856,14,0.114665201837595
Grammica,C_denticulata,ss13-46,o,ΦNPQ,0.18199233,15,0.036564644865478786
Grammica,C_denticulata,ss13-46,h,Fv.Fm,0.642523492,26,0.11248447062939682
Grammica,C_denticulata,ss13-46,h,φPSII,0.2591134758076923,26,0.12189569786041712
Grammica,C_denticulata,ss13-46,h,ΦNPQ,0.215286166,26,0.0713896589124997
Grammica,C_denticulata,ss13-46,f,Fv.Fm,0.715360008,19,0.04498380312510241
Grammica,C_denticulata,ss13-46,f,φPSII,0.2792892414117647,17,0.1471957017711499
Grammica,C_denticulata,ss13-46,f,ΦNPQ,0.154355227,19,0.03219868737607524
Grammica,C_gracillima,CUGR,y,Fv.Fm,0.545946970117647,17,0.07000411190669302
Grammica,C_gracillima,CUGR,y,φPSII,0.2265192165882353,17,0.04347265843330043
Grammica,C_gracillima,CUGR,y,ΦNPQ,0.3687920204,15,0.12461840659069888
Grammica,C_gracillima,CUGR,o,Fv.Fm,0.547767213,7,0.067927376505586
Grammica,C_gracillima,CUGR,o,φPSII,0.10143116419999999,10,0.09454383150902612
Grammica,C_gracillima,CUGR,o,ΦNPQ,0.2800509478888889,9,0.22627585186272164
Grammica,C_gracillima,CUGR,h,Fv.Fm,0.562481956125,8,0.04131292014865436
Grammica,C_gracillima,CUGR,h,φPSII,0.101797305,8,0.05387535489376561
Grammica,C_gracillima,CUGR,h,ΦNPQ,0.5005143946666667,6,0.06500638234800118
Grammica,C_indecora,ss16-17,sdlg,Fv.Fm,0.7516216281428572,7,0.03287385916600456
Grammica,C_indecora,ss16-17,sdlg,φPSII,0.34876216514285713,7,0.06636550922255212
Grammica,C_indecora,ss16-17,sdlg,ΦNPQ,0.1989402598,5,0.027717569164095793
Grammica,C_indecora,ss16-17,y,Fv.Fm,0.6598768245,6,0.06041431012643585
Grammica,C_indecora,ss16-17,y,φPSII,0.3590229784444445,9,0.27327171486446167
Grammica,C_indecora,ss16-17,y,ΦNPQ,0.07120418177777778,9,0.06757541563120198
Grammica,C_indecora,ss16-17,o,Fv.Fm,0.5732617418,5,0.08297814412103233
Grammica,C_indecora,ss16-17,o,φPSII,0.1807590355,8,0.16227898558297824
Grammica,C_indecora,ss16-17,o,ΦNPQ,0.09193988924999999,8,0.09512503105840471
Grammica,C_indecora,ss16-17,h,Fv.Fm,0.603780474,4,0.07137654373135972
Grammica,C_indecora,ss16-17,h,φPSII,0.14419449225,4,0.06745551290462586
Grammica,C_indecora,ss16-17,h,ΦNPQ,0.32266181225,4,0.06797711338693084
Grammica,C_indecora,ss16-17,f,Fv.Fm,0.5966829758461538,13,0.13499285537016867
Grammica,C_indecora,ss16-17,f,φPSII,0.100311991,18,0.09983140768509711
Grammica,C_indecora,ss16-17,f,ΦNPQ,0.19385223366666668,18,0.10894382239588737
Grammica,C_indecora,ss16-17,s,Fv.Fm,0.61776359175,8,0.11973352803135562
Grammica,C_indecora,ss16-17,s,φPSII,0.143752256125,8,0.1063784227669665
Grammica,C_indecora,ss16-17,s,ΦNPQ,0.29414575375,8,0.08700517184039047
Grammica,C_polygonorum,1705,sdlg,Fv.Fm,0.65269271875,4,0.03457878752998167
Grammica,C_polygonorum,1705,sdlg,φPSII,0.2371736425,4,0.059655166852786976
Grammica,C_polygonorum,1705,sdlg,ΦNPQ,0.3572371603333333,3,0.11990279847532634
Grammica,C_polygonorum,1705,y,Fv.Fm,0.6088537863571428,14,0.054954195057115914
Grammica,C_polygonorum,1705,y,φPSII,0.3549346580714286,14,0.09610506337530612
Grammica,C_polygonorum,1705,y,ΦNPQ,0.2305021017142857,14,0.10750444519822853
Grammica,C_polygonorum,1705,o,Fv.Fm,0.5081270583846154,13,0.08933069416677597
Grammica,C_polygonorum,1705,o,φPSII,0.1579484857857143,14,0.08031701213482872
Grammica,C_polygonorum,1705,o,ΦNPQ,0.25597605742857144,14,0.09608723376215464
Grammica,C_polygonorum,1705,h,Fv.Fm,0.5456810468,10,0.11909356473629248
Grammica,C_polygonorum,1705,h,φPSII,0.12710392091666667,12,0.06401648425132299
Grammica,C_polygonorum,1705,h,ΦNPQ,0.29902605325000003,12,0.06413317207029205
Grammica,C_polygonorum,1705,f,Fv.Fm,0.515362754,7,0.06218844316316596
Grammica,C_polygonorum,1705,f,φPSII,0.11061322671428571,7,0.05806176133762927
Grammica,C_polygonorum,1705,f,ΦNPQ,0.2300728274285714,7,0.12517305965158143
Grammica,C_polygonorum,1705,s,Fv.Fm,0.5774322051538462,13,0.08914092414212325
Grammica,C_polygonorum,1705,s,φPSII,0.1984876247692308,13,0.11725686622115732
Grammica,C_polygonorum,1705,s,ΦNPQ,0.242874207,10,0.06562847167983217
Grammica,C_sandwichiana,155,sdlg,Fv.Fm,0.5055501191666667,6,0.027567362721291518
Grammica,C_sandwichiana,155,sdlg,φPSII,0.1528045462857143,7,0.047819977070730824
Grammica,C_sandwichiana,155,sdlg,ΦNPQ,0.27201310557142855,7,0.0990524632732086
Grammica,C_sandwichiana,155,y,Fv.Fm,0.5008507072222222,9,0.12575126414020749
Grammica,C_sandwichiana,155,y,φPSII,0.20492284227272728,11,0.13404467543354168
Grammica,C_sandwichiana,155,y,ΦNPQ,0.15904806863636364,11,0.11104255083748368
Grammica,C_sandwichiana,155,o,Fv.Fm,0.42481292358333334,12,0.11790862452406839
Grammica,C_sandwichiana,155,o,φPSII,0.13369109783333333,12,0.07739269453447138
Grammica,C_sandwichiana,155,o,ΦNPQ,0.22144061191666667,12,0.034296935902487745
Grammica,C_sandwichiana,155,h,Fv.Fm,0.5452175515,14,0.07546383013453149
Grammica,C_sandwichiana,155,h,φPSII,0.17287829114285713,14,0.03982370878534819
Grammica,C_sandwichiana,155,h,ΦNPQ,0.23640345414285713,14,0.09319520300083928
Grammica,C_sandwichiana,155,f,Fv.Fm,0.4658431105,6,0.06652472314073933
Grammica,C_sandwichiana,155,f,φPSII,0.025021652,6,0.032610937701032704
Grammica,C_sandwichiana,155,f,ΦNPQ,0.22844643833333333,6,0.07935213409580556
Grammica,C_sandwichiana,155,s,Fv.Fm,0.6393575088333333,6,0.05898367492147509
Grammica,C_sandwichiana,155,s,φPSII,0.09603518333333334,6,0.12353993476122896
Grammica,C_sandwichiana,155,s,ΦNPQ,0.17873313983333333,6,0.03427528840537128
Grammica,C_tasmanica,17-15,sdlg,Fv.Fm,0.6358148546666667,3,0.07870375550926072
Grammica,C_tasmanica,17-15,sdlg,φPSII,0.2611740576666667,3,0.06085803749178559
Grammica,C_tasmanica,17-15,sdlg,ΦNPQ,0.23882685399999998,2,0.04782527745421001
Grammica,C_tasmanica,17-15,y,Fv.Fm,0.5472130262,35,0.11844157859464832
Grammica,C_tasmanica,17-15,y,φPSII,0.3163626362222222,36,0.13473371008381202
Grammica,C_tasmanica,17-15,y,ΦNPQ,0.16760599605555557,36,0.08100837047087694
Grammica,C_tasmanica,17-15,o,Fv.Fm,0.3852405837058823,17,0.16373886565321571
Grammica,C_tasmanica,17-15,o,φPSII,0.10817541838095239,21,0.11322553815733089
Grammica,C_tasmanica,17-15,o,ΦNPQ,0.09980069404761904,21,0.07826675559925278
Grammica,C_tasmanica,17-15,h,Fv.Fm,0.71040930532,25,0.044808903395068975
Grammica,C_tasmanica,17-15,h,φPSII,0.24794135396,25,0.05296379358182457
Grammica,C_tasmanica,17-15,h,ΦNPQ,0.25203869896,25,0.07328574768552723
Grammica,C_tasmanica,17-15,f,Fv.Fm,0.6011232639583334,24,0.11392474870085598
Grammica,C_tasmanica,17-15,f,φPSII,0.10266889395833333,24,0.0448787432063182
Grammica,C_tasmanica,17-15,f,ΦNPQ,0.2110271725,24,0.049512190238964554
Ipomoea_nil,Ipomoea_nil,IPNI,l,Fv.Fm,0.7427291074545455,11,0.018192047061477132
Ipomoea_nil,Ipomoea_nil,IPNI,l,φPSII,0.3693141775,10,0.051581284869287584
Ipomoea_nil,Ipomoea_nil,IPNI,l,ΦNPQ,0.3469525989,10,0.05603273296412143
Ipomoea_nil,Ipomoea_nil,IPNI,y,Fv.Fm,0.7031252226666667,6,0.023410350030831587
Ipomoea_nil,Ipomoea_nil,IPNI,y,φPSII,0.18158545566666667,6,0.024238384822423353
Ipomoea_nil,Ipomoea_nil,IPNI,y,ΦNPQ,0.5189911423333333,6,0.03234985627552211
Ipomoea_nil,Ipomoea_nil,IPNI,o,Fv.Fm,0.7058473968,5,0.022399102899130784
Ipomoea_nil,Ipomoea_nil,IPNI,o,φPSII,0.2236752552,5,0.028033972058983378
Ipomoea_nil,Ipomoea_nil,IPNI,o,ΦNPQ,0.3299350341666667,6,0.04786446982461414
Ipomoea_nil,Ipomoea_nil,IPNI,f,Fv.Fm,0.679142383375,8,0.029708989100705865
Ipomoea_nil,Ipomoea_nil,IPNI,f,φPSII,0.13088832422222224,9,0.030685853327491807
Ipomoea_nil,Ipomoea_nil,IPNI,f,ΦNPQ,0.45184674933333335,9,0.05402843671381637
Ipomoea_nil,Ipomoea_nil,IPNI,s,Fv.Fm,0.7779440113846154,13,0.024587511774954707
Ipomoea_nil,Ipomoea_nil,IPNI,s,φPSII,0.18483373084615384,13,0.028715462509742322
Ipomoea_nil,Ipomoea_nil,IPNI,s,ΦNPQ,0.19478641861538462,13,0.03649322619738936
Monogynella,C_lupuliformis,CULU,sdlg,Fv.Fm,0.7939543250000001,4,0.021378445739061593
Monogynella,C_lupuliformis,CULU,sdlg,φPSII,0.441243773,3,0.04501423416616896
Monogynella,C_lupuliformis,CULU,sdlg,ΦNPQ,0.3269060183333333,3,0.07905624426453049
Monogynella,C_monogyna,CUMO,sdlg,Fv.Fm,0.76637510275,4,0.026127357171480133
Monogynella,C_monogyna,CUMO,sdlg,φPSII,0.38479507125,4,0.03533350727920253
Monogynella,C_monogyna,CUMO,sdlg,ΦNPQ,0.33104316025,4,0.03827234437844167
Monogynella,C_monogyna,CUMO,y,Fv.Fm,0.7732936139285714,14,0.03370230812641885
Monogynella,C_monogyna,CUMO,y,φPSII,0.5665373002307692,13,0.03033097429797827
Monogynella,C_monogyna,CUMO,y,ΦNPQ,0.16457483671428572,14,0.0448865688439519
Monogynella,C_monogyna,CUMO,o,Fv.Fm,0.76224925425,12,0.042381886678010176
Monogynella,C_monogyna,CUMO,o,φPSII,0.49757118441666665,12,0.03911944573055361
Monogynella,C_monogyna,CUMO,o,ΦNPQ,0.19611508341666667,12,0.029973223421867704
Monogynella,C_monogyna,CUMO,h,Fv.Fm,0.5676441063333333,9,0.0809533275278927
Monogynella,C_monogyna,CUMO,h,φPSII,0.14013664491666666,12,0.05016963644627636
Monogynella,C_monogyna,CUMO,h,ΦNPQ,0.4402262705555556,9,0.062061596724149494
Monogynella,C_monogyna,CUMO,f,Fv.Fm,0.6285476556153846,13,0.04880152633721404
Monogynella,C_monogyna,CUMO,f,φPSII,0.208080192,12,0.09372742732757475
Monogynella,C_monogyna,CUMO,f,ΦNPQ,0.3254003822307692,13,0.03658727841970835
Monogynella,C_monogyna,CUMO,s,Fv.Fm,0.633809634,8,0.045804559915640884
Monogynella,C_monogyna,CUMO,s,φPSII,0.13873426728571428,7,0.08660474901958491
Monogynella,C_monogyna,CUMO,s,ΦNPQ,0.32792090314285716,7,0.046820824237652395
